,HEK293T 3UTR,HeLa 3UTR,HepG2 3UTR,K562 3UTR,MCF7 3UTR,SKNSH 3UTR,seq
lib1_other_seqs_1,0.1630644971857174,0.2044604009896685,0.1634429348487312,0.1542990497514896,0.1724755767353321,0.1927016300313807,TCAATAGTAAGTAGGTCGCCTCACAAGTCTCCTCTCTATAATAGCGCTAGCGCGCCGAACTCTCTATAATAGCGCGCTAAGTAGGTCGCGCTCGCGCGCGT
lib1_other_seqs_2,0.1323849873943618,0.1678366133351012,0.1181861493793712,0.1140067728995438,0.0980119622585135,0.1338974418022371,CGCGCGCCTCTCGCCCTATAGTATCGCGCCCATATAATATAAGTAGCGCGCATATAATAGGTAGCGCGCATATAATAGCGCGCCTATATAATAGCGCGCCT
lib1_other_seqs_3,0.1213335262754378,0.1316019649622016,0.0937275893742622,0.0625854436748515,0.1071838101445305,0.1215234143823363,ATCGATCGAGCAGATAGCTCTGTGTGTGCGACAGACGGATATAGTAGCTCTGTGTGCGATGTAACATAGCACGCGTGTGATAGTCATAGCTCACTCTTCTC
lib1_other_seqs_4,0.1612342750242991,0.1268849844957827,0.1092945998144157,0.0854339101505807,0.1298368234220749,0.1384535504073582,ACACGACGAGCTGATCACAGTACTGAGTCAGTCAGACGACCGACATGTAGCAGAGCTCTGACTCGTCGCGCAGAGCACAGTGTACTGACACAGCGCTGTGC
lib1_other_seqs_5,0.1856085051836059,0.2379969211408706,0.2258781660866462,0.1920484920559838,0.2052283492650175,0.2508887209918322,GCCCTCTCTATAGTCGCCTCACACTAGTCGGTAGGGCTCCTCTCATAGCGCGGCACTCTCTATAATCGCGCGCGCCGCTCACTAGTCCGCTCAATAGTCGT
lib1_other_seqs_6,0.2186227341360856,0.2406210241287712,0.2113987121625651,0.1967344849277277,0.2082411356384936,0.2760161665887283,GATCATAGCGCCTCATAGGGCTCCTCTCTATCGTCCTCTAATAGCGCGCGCCGTAGGGCGCGGTCGGTAGGACTCCGAACTGTGTAATCGCGTCGTACGCA
lib1_other_seqs_7,0.1123849922191466,0.1350502809730635,0.0826797789563494,0.0469034171735891,0.119843780025875,0.1065539951988265,GACGAGCTGATCTGTGCATACGAGCAGCTCAGTACTGAGACTGACTGATGAGACGACGTGTATATGCGACATGAGATCGCGACTCACAGCGCACAGTGTAC
lib1_other_seqs_8,0.1490617281994844,0.0963500019931345,0.0594554383403608,0.0804766821621807,0.1239306032381385,0.0994363827748403,CTCTAGTAGCGCTATACGACAGACGTCGTAGCGCTGTACACGATCACATAGCGCGCTGAGACGCGACTGATCGCGCGCGCGACACAGCGCTGAGTCTACTC
lib1_other_seqs_9,0.2079890675287709,0.1768339080368556,0.1689061835823816,0.1185834340344374,0.1794875706800806,0.1391534931326374,GAGTCTGATCGCTGCTCTAGCTGCTGCTGATCGTCTGACAGCTGTGTATACGACGGTATAGAGCACTGTACATGACACACGTCGTAGCTCTGTGTCTACTC
lib1_other_seqs_10,0.1196052408714578,0.1315428223039772,0.0926466556807902,0.0485195227954282,0.1392434172640085,0.1025569007824875,CAGACCTGTACGGGCTACTAAAATCGGACTAGTAATCGGCCGTACGGACGGACCGGCTACTGTAATCGGCCTTAAGCGGACGGACCACCTCGTGTTTGGGG
lib1_other_seqs_11,0.1219761130558002,0.1696656516177635,0.0964363776764723,0.0834935530169919,0.0814547862679739,0.0953332892191287,TGTACAGATGTACAGTACACTGTACAGAGTATACTGTGTACAGCTGTATACAGCTGCTGTATATAGTGTACAGCTCTGTGTACAGCTCTCTGTACAGCTGT
lib1_other_seqs_12,0.1961396723682794,0.2320384570547145,0.2146528204187851,0.1492604385285008,0.1859979916191675,0.242059870390156,GCCCTCTCTATAGTCGGGCCGAACTGTCTATAATAGCGCGCTAGGTAGCGCGCGCGGCTAGTCGCGGCTCGCTCACAAGTCGCCGCTAGTCGCCTCTAATA
lib1_other_seqs_13,0.14250379276865,0.162798741439597,0.1265813258989095,0.0560313938699631,0.1243252517481401,0.1263474768682801,GAACTATAATAGGTAGGTCGGGCGGCTCACAAGTCTAGGGCAATTGTGTAGTCGTCTCACACATCGCCGAATTGTCTATAATCGCGCGGCTCTATAATCGT
lib1_other_seqs_14,0.2719080981517085,0.3528915705640097,0.3099747850946469,0.2836065674181207,0.2585610170739583,0.2604931054805099,AGATATAGTATCTCTCGCTCAGATATAGTGCTCATATACTATAGTAGCTCGCGCGCGCGCTGATCACACGCTATATAGTAGCGCGCTGATCACACTATATA
lib1_other_seqs_15,0.1372630630325886,0.1425990278803521,0.139557940825486,0.0480069912483058,0.1009520445210145,0.125260118599966,GGTTGGTTACAATAATCCGCTTCGGGCTACTTTAGTCGGACCGTCCACTTCGGACCACTATAATCGGACTAGTTAGTGTCACTTAGTAATCGGGCTAGTAT
lib1_other_seqs_16,0.2122776030120698,0.1854799159059067,0.1447010399423608,0.1130881194883187,0.1388527186217419,0.1821701282963297,ACGACTCCTCTCTATAATCGGGCGGTCGGTCGGGCGGTCGGAATGTCGGTCTGTAGGTCGGTCGGTCGGCCTGCCCGAACTGTGTATAGTCGTCGCACATA
lib1_other_seqs_17,0.2074561767215546,0.1441066470933092,0.1784971839268539,0.1037682522585219,0.1310057059796152,0.1682579806902843,GAATTGTGTATATATAGTCGCCGCAAGACTGTGGTGTCACACGACTCCGCACATAGGGCGGACTTCACACTCGCCCTAACTGTGTATAGTCGCCGCTCACA
lib1_other_seqs_18,0.3094918370714645,0.3577038780739114,0.2586666644012054,0.2653690020631279,0.277340789382179,0.3107408749916217,CTATAATAGGTCCCGCGCCCCTAATTAGCCCAGGTCCTAGTAGGCTATAATTAGCTAGTTAGCTCAATAGTAGGTCCTAGTAGGTTCCTAGGTCTCGCCTA
lib1_other_seqs_19,0.1781702323108335,0.1849354958399028,0.1840984913185306,0.0967401221927513,0.1675695724660312,0.2064947000188085,GGCAACATCGGCTTCGGACTACTGTAAGCAGCTTTGGACGGTCTTTAGCAGCTGTAGTCGGACGGTCCACTTTGGACGGTCCAGCTGGCTGGCTGGCTACC
lib1_other_seqs_20,0.1911040914699029,0.1390646250214067,0.1349823913953637,0.0847824419398104,0.1759220980249653,0.1793295565482377,GGCCTCACTGTGTATAGTCGAAGTCGGGCGGTCGTCTCACACATCGGTCGGCTCACAAGTCGCGGCCCTAACTGTGTATAGTCGCGCGGTTCATAGCGCTG
lib1_other_seqs_21,0.2252902511408917,0.1837011426683432,0.1640269025059901,0.1451762400098865,0.159385316858737,0.2451800980398383,GCCCCTATAATAAGTTATAATAAGCTAGTATAGCTCGCGCGCGCCTATAATAAGTCCCCCGCTCTCGCCTATAATAGTCTTATAGGCTAGTAAGTCCCCCA
lib1_other_seqs_22,0.3827665400504264,0.4082783996658897,0.3411709671557411,0.3490109031572647,0.3087453065009995,0.4130706291127645,ATAATAGCTCGCGCCCCTATAGTAGGGGTCCCGCGCGCGCGCCTATAGTTAGCTAATAAGTCCTATAGTAGGGGTCCCGCGCGCCCATAGTTAGTCCCCTA
lib1_other_seqs_23,0.3524391664127931,0.4455764057124688,0.4052406588605541,0.3789905451706258,0.3551781526345399,0.4437089887109307,AGTATAGCCCCTAGAACTATAGTAGGGGTCTCGCGCCCCTAGTTAGCTAGAAATCGCTATAATAGGTCCCCCCTAATAGGTCGCGCGCCCCTAGTTAGTCC
lib1_other_seqs_24,0.2318773451547129,0.308061077115382,0.2666822738305242,0.2161749618256169,0.2600200935402845,0.3228904068909353,TAGTCGCCCCTCTATATATAGTATAGCTCGCGCCCCTAACTATAATATGTCTCGCGCTAGGTCGCGCGCGCTAGGTAGGTCCTATAGTCGCCTATAATTAG
lib1_other_seqs_25,0.1652109017962127,0.1716057580936788,0.1278421947345786,0.0523374647588141,0.152527648478028,0.1403432555081177,GGCAACAGTAGGTGTAAGTAGTCGGACGGCATTAGTCCACTTCGGACCGTCCACTATTGGTGTAATCGGACCGTAGTAGTCGTAATCGGCCTTAGTCCACT
lib1_other_seqs_26,0.2382584696236075,0.1941384617975881,0.1864696637674424,0.1182379291361828,0.1330180812531139,0.1796193502380522,CACATGTACTGTACATATAGTGTACACTGCTGTCTGTACAGTATACTGTACTGCTGAAGTGCTGCTGTACAGCTGTATATAGCTGTGTATAGTACAGCTGT
lib1_other_seqs_27,0.3182120254885357,0.2618608937801227,0.2400312435536897,0.2202605833011083,0.1887739750311943,0.2602785171841407,CTACGCAAGTCGCGCGCGCGGCCCGAACTCACTGTCTATCATACGTAGGTCGGGCGGCAAGTCGCGGCTCACAAGTCGCCGCACTCTAGTCGCGGCTAATA
lib1_other_seqs_28,0.1886022535247707,0.2116262923570538,0.0978099168325764,0.1096033268002315,0.1560491364749233,0.1519997028336896,CTCGGAATACAGGGCGGTCGGACTTGTGTATACGTCACGACTGCGTCTCGGTCGGACTGTGGCTCGGTCTGGGTCGGACTGCACACAGGACTGCTCATCGT
lib1_other_seqs_29,0.2345622553125899,0.3339403083101003,0.2321028538736939,0.2329683590949592,0.2083416050048651,0.2418486746652529,CTCGATATAGTAGCTCTCGCGCGCGCGCGCTCTCTCTCTCAGCTCGCTATAGCTCACTATAGTAGCTGATCGCTATAGAGATATAGTAGCTCAGATATAGA
lib1_other_seqs_30,0.1956264436777963,0.25969666711693,0.1523480248744695,0.1636065986156591,0.1465990561650937,0.1492706062233467,AGTAGCGCGCTGCTCACATACGATAGTATAGCTCGCGCGCGCGCTCAGCTCTATATAGTCTCAGCTATATAGTAGCGCGCAGATATAGTGATCGCTATATA
lib1_other_seqs_31,0.2484854605267083,0.3031173173947711,0.2461511465269328,0.2140957913847419,0.1723114230536199,0.2626039415573624,CACACTATAGCTCATAATAGTATCGCGCTCAGATCTCACTATAGTAGCGCTGATCTATAGTCTCTGCTCATATACTAGTAGCGCTCAGCTATATAGTAGCT
lib1_other_seqs_32,0.2012963322697175,0.3036521989236593,0.1955819486242898,0.2065122042782861,0.1760762009266154,0.2066178077890801,TGTTCTCATATACACTAGTAGCGCGCTCATCTATATAGTCTGAGATATAGTAGCGCTGATCATATATACTAGTCTCAGCTCTATAGTGTCGCTCAGATAGT
lib1_other_seqs_33,0.1722113808268521,0.2828274420715774,0.1823640077636021,0.1957083239882488,0.1602036781287844,0.2245159091540495,AGGGCGCCGCTCTATAATAGGTCGGCCCTCTCTCTCGCACTATCTATAGTCTAGGTAGCGCTCGGCCCTCACTATCTATAGTCTCCTATAATAGGTCGCCT
lib1_other_seqs_34,0.2794071837643944,0.3855812653911525,0.2989877952983176,0.3546591057767516,0.2815013869352857,0.35680405134019,AGTATAGGTCCCGCGCCCCTTAGCCCCTAGTTAGGGCGCTAGTAAGCCCTAGTAAGCTCTAGTTAGCTCCGCGCTCGCGCGCGCGCGCCCCTAGTAAGGCT
lib1_other_seqs_35,0.2564718086451655,0.3068632075109122,0.2509573784472954,0.1714308551698081,0.2174079820392185,0.254371100437623,AGTAGTCCACTTCGGACCGTCCTATTCGGACCTCTGTTAGTAACAGTAGACCGGCTATCGGCCTTAGGCCGCCCTATTCGGACTAGTAACATCGGGCCACT
lib1_other_seqs_36,0.1458014013685064,0.1602633965351931,0.13367491342457,0.0328292347578245,0.1343419290854623,0.1143046950195717,TGTACAGACACTGCTGTGTACAGATGTACTGACTGTACTGTGTGTACAGCTGTATGTATGTACAGACGGACGTCTGCTTACTGTATATAGTACAGTACTGT
lib1_other_seqs_37,0.1392991818003967,0.2020017878952003,0.1316150896042377,0.0634021121563353,0.1670045749743806,0.1390439627269977,GCACTGTGTACATATGACATACGACTGTACTGCACTGACTACTGTGTAGACTGTCTACTGTATATGACGTGCTGTACATGACGCAGCACTGCACTGTGTAC
lib1_other_seqs_38,0.2890319019306538,0.4216593034728178,0.3788975279750383,0.3283182342281557,0.3239897796146498,0.357787839106042,AGTAGTCCGCTTTAGCCTAGTAAGTAGTCCGCCCTAATCCGCCTAGTATAGTCGGCCCGCTATTAGTATAATTAGCCCGCTATAGTCCGCCCGTCCGCCAA
lib1_other_seqs_39,0.1276894739037862,0.2402199328090944,0.1264037203932832,0.1147628703330993,0.1678305549247326,0.1759489332162517,TAATAGCGCAACTATAATCGCGCTAAGTAGGGCGCCGAACTATAATAGCGCGCGCCGCACTCTCTAATCGCTAGGGCTAGGGCTAAGTAGGACTAGGGCGT
lib1_other_seqs_40,0.2409840796998659,0.3307269489165545,0.2644387176699005,0.1929859984360216,0.2314266682395045,0.2808238542854021,CCTCTATATATAGTCGCGCGCCCCTATCTATAGTCGCCCCTAATTAGTAGCGCGCCTAACTATCTATAGTATAGGTCTAGGTAAGTAGCGCTCGCTTAGTA
lib1_other_seqs_41,0.3061439243568375,0.4019104165840592,0.2780582476053058,0.311607211407217,0.2669536052699967,0.3160025487931712,ATAGAAATAGTAGGCTATAATTAGCTCTAGTAAGAGTAAGCGTAGGTCCCCTATAATAGGTCGCTCGCGCGCCTATAATTAGCTAATAAGTTCTAATAGGT
lib1_other_seqs_42,0.2275334003290597,0.2625310562109779,0.1602821202018931,0.2256881661611652,0.1466307875403874,0.2503369983170449,ATATAGTATCGCGCGCTCAGATATATAGTCAGCTCACTATAGTCTGATCTATATAGTAGCTCGCGCGCGCGCGCAGATCGCGATATATAGTAGCGCGCTCT
lib1_other_seqs_43,0.165468620543531,0.223905955336601,0.1826957860235777,0.0839267181596073,0.1357488427421339,0.1845818882125685,GGCAACTAATCGGACGGACCGTCCACTAGTCGGGTTTTAGTAAGTAATCGGACCGCTTTAGCCTTAGACGGGCTAGTAACAGTAGACGGACCAGTTATTAG
lib1_other_seqs_44,0.2540078838604993,0.264571386245654,0.2091395632053366,0.1508753895340029,0.1611763757210017,0.2404154796473849,TGTACAGACCGCTGTACATGTGTACAGAGCACTGTACAGACGTCGCCGTCTGTACAGACTGATGTACGGATGTACTGTACTACTGTACATATGTACTGTGT
lib1_other_seqs_45,0.302966438891416,0.4094979277985831,0.3270406598364697,0.2743511338394699,0.2903101997997072,0.3434042710361918,CCTCTATAATAAGTAGCGCGCGCCTATCTATCTATAGTCTCCCTTAGTAGCGCGCTAGCTAGCGCTAGCTCGCGCCCCTCTAACTATAATTAGTCCTAATA
lib1_other_seqs_46,0.2676610104801394,0.2572727041808382,0.1712476907985809,0.201488946529038,0.1423022584632608,0.2153498489129312,GCCCTCTCTATAATAGCGCGGCTCTATAGTCGCCTATAATAGGGCGCGCTCGGTCGGGCCTCTCAATAGTAGCGCGGCCCTCTCTATAATAGGTCTCCGCA
lib1_other_seqs_47,0.2856034658155867,0.1890769973167078,0.2264812720779217,0.138768432172903,0.190420781478356,0.2078556928363723,TAGCACGCGACTAGCAGCTCGCGATACAGAGCTCTGTATACGAGATCGACGTCGTAGCGCGAGTCTAGCTGATCGCGACTAGCAGATCTCTGACTCGACTC
lib1_other_seqs_48,0.2044330020328618,0.28756646260634,0.172445229755945,0.1582158312335349,0.158497316511166,0.1894723498439025,CTAGTATAATCGGCTTTAGGCCACTTCGGACCGTCTAGTTAGTTACTCACTAACATCGGACCGTCCATCCGGCTAGTAACAGTAGTCCGCCTAGTAGGCAT
lib1_other_seqs_49,0.211521534236408,0.2342268250141891,0.1550707472214701,0.1197203674250673,0.1136328421135534,0.1463709175049563,CTGGTATAATCGGCCTTTAGTAAGTAGGCTAGTAATCGGTCCGCTTCGGACCGCTTAATAATCGGACCGTCTAGTAACAGTCACAACCACTGTGGGCTGCT
lib1_other_seqs_50,0.1235816985708232,0.2044191105699388,0.1284604711755286,0.0958159581686085,0.0708327492277479,0.1741109246145303,GGTCACACAATAATCGGCCCTATTCGGCTTTGGGCTAGTATAATCGGACGGTCTAGTATAATCGGACCGCTTTTGGCTACTCAATAATCGGGCCACTTTAG
lib1_other_seqs_51,0.2472146874915159,0.285571467813286,0.1645395380984005,0.1707474621902451,0.1724049013562442,0.1993153710973935,GCGCTGCTCGCTATATAGTCAGAGATATAGTAGCTGCTCACACATATACTAGTAGCAGCTCATATACTATAGTCTCATCACATATACTATAGTAGCTCTCT
lib1_other_seqs_52,0.1509633200168302,0.2403330945091812,0.1661555448338021,0.116341041800173,0.1211190362543796,0.2104265403356037,GCTGAGATATAGTGTAGCGCGCTGATCTCTATATAGTAGCTGAGCTCTATAGTGCTCATATACTAGTCTCAGATAGTCTGCTCATATACTAGTAGCGCTCT
lib1_other_seqs_53,0.3015180368040605,0.3368454177020925,0.3071376929344538,0.2278421417573794,0.2200089038643078,0.2354704047091226,CGCTAGCGCGATATAGTCAGCTCATGCTATAGTCTCTCTCGCGCTCACATAGTCTCTCGCTGATCACAATAGTCTCTCTGTGTAGCGCGCTCAGATATAGA
lib1_other_seqs_54,0.1941502459108157,0.2370929956641595,0.1401216031401721,0.0983369705993162,0.1293881170121384,0.174948810908848,ATCCGTCCGGCTAGTAAGTAGTCGGCCCGTCCGTCCGTCCGTCTAGTTAGTAGTCGGCCCTATTCGGACCGTCCGTCTAGTATAATCGGACTAGTAATCAG
lib1_other_seqs_55,0.1385170280150182,0.2801030986317728,0.1898985145449555,0.2038073576116804,0.1975605067732589,0.2531804470518461,AGGGCGCCGCTAATAAGTCGCGCGCGCGCGCGGTCCGGCCGCTCTCTCTCTCTATAGTCCTCACAAATAGGGCGCGGTAGGTAGGTAGGGCGCGCCTAGTA
lib1_other_seqs_56,0.3187483494537118,0.3751560246847988,0.3069933239831758,0.3194652654533312,0.2278470778726588,0.3527755034532756,ATAATAGCCTCTTCTCGCCCCTATAATAGGCTAGCTATAATAAGTCCCGCGCGCCCCTATAGAAAGGGCTTATAGCCTATAATTAGCTAATTAGTCTCCTA
lib1_other_seqs_57,0.1959317882001673,0.2817917674989419,0.1930393931924103,0.1879172443073535,0.1460320174768529,0.2602919346523759,CGCCCATATAGTAGCGCGCGTCCCTATATAAGCTAGGTCGCGCATATAGTATAAGTAACGCGCGCCCCTATATAAAATAGCGCGCGCGCCCATATAGTAGC
lib1_other_seqs_58,0.0937661557076426,0.1466345637234768,0.1640441130993597,0.0260950615835352,0.1439455459936897,0.1293602744028412,CCCCTAACTGTATATAGTCTAGCTAGCTAGCTCGCTCCCCTCACTCAATAGTCGCCCCACTATCTATAGTATAAGTCTCCTCTAAATAGTCGCGCCTAATA
lib1_other_seqs_59,0.2676746763787764,0.3305568346149567,0.2787743839146571,0.2294089017061015,0.192836502553316,0.3108057046397594,CAGTCCGCTTCGGGCCACTATAGTCCACTTTTGGTTAGTATAATCGGCCCGTCCGTCCGCCATAGTCCGCCATAATCGGACCGTCCACTTTAGTAGTAGGT
lib1_other_seqs_60,0.2244169876800126,0.2769522935283622,0.3038542455357738,0.1601794261708142,0.2537352398440692,0.280714303470462,ATCCGCCCTCATCAGCCCACATTAGGCTAGTATAGTCCGCTATAGTCCGCTTATAGTAGTCCGCCCACTATAGGTAAGTAGTTATAGTCCGCCTAGTTTAG
lib1_other_seqs_61,0.3065186906242549,0.3902203653392755,0.2983029640079663,0.2571478808779515,0.2545208096884781,0.3408160045675397,CTCCCCTATATAATAGCGCTAGCTCGCGCTAGGTAAGTCTAGCTAGGTAGGTCGCGCCCCTATAATAGCGCGCCTAATAGCTCCTAAATAGTCTAGGTAAT
lib1_other_seqs_62,0.0750888547349439,0.1810605109013632,0.1359176262507309,0.0548509830258401,0.1674246226341245,0.1605331772027468,ATAAGTCGCGCGCGCCTCACTATCTATAGTCGCCCCTCAATAGTCGCGCCTAATAAGTCGCGCCGCACTATCAATAGTCGCGCCTCTCTATAAATAGTCGT
lib1_other_seqs_63,0.1511785491576356,0.1807615826261341,0.1143851877901634,0.0265535364719914,0.102561948902547,0.1098191480283587,GACTTGGATGTACAGTGCACTGTACAGTACATGCTGTGTACGTACTGTATATAGTGTACTGCATAGTACTGTACATACACTGTACTGTATATAGTACAGAT
lib1_other_seqs_64,0.3843293496904423,0.4541965352986545,0.3409536367564464,0.3538869480767346,0.2969579935047768,0.3551486374898199,CGCGCCCATATAGTCGCTTCTCACCCTATAGTAGGTATAGGTAGGTCGCGTGCCCATATAGTAGCTAGGTATAAGTAGCGCCCATATAGTATAGCGCCCAT
lib1_other_seqs_65,0.3035849353716174,0.234420351155485,0.1801923924408386,0.1571793447074261,0.1847349929105476,0.233400280138061,CTAGGGCTAGGTCGCGCGCGCGCGGACCTCACTATAATAGGGCCGCACTCTAATAGGGCGGACCTCACTGTGTATACTCCTCACAAATCGGTCGGCTCATA
lib1_other_seqs_66,0.1508932199515198,0.1233784010130614,0.1323453895953196,0.0313231381397302,0.1921805797760567,0.1104999438533874,CAGACGGTCCGCCTTGGACGGACCACCTTTGGGGACAGCAACTGTAACATCGGACCACCTTGGACGGACGGACCACTTTGGACTACAGAAAGCAACTGTAG
lib1_other_seqs_67,0.224387257550455,0.2970952749785041,0.1997628152610731,0.1840313406254905,0.1361619191738007,0.2239463708196551,GTACAATAATCGGCCCGGCTAGTATAATCCGCTATTAGTCACAAAAAGTAGTCGGACCGGTTAGTATAACTTCGGGCTAGTAAAATCGGCCCGTCTGGCAT
lib1_other_seqs_68,0.2682671594168633,0.3943625243171316,0.2679491261123715,0.2775261851196667,0.242568671494491,0.2968291630041655,CTCGATATAGTCTCTGCTCATACTATAGTAGCTGCTCATACTAGTAGCGCTGATCATATATACTAGTCATAGAGTAGCTCTCTCTCTCTCAGATATATAGT
lib1_other_seqs_69,0.2400697139699985,0.3523916284586896,0.2916494915017258,0.2239116731708607,0.204875807368651,0.270745307744309,ACTTACTAGATAGATAGATAGCGCGCGCAGCTATAGTATAGCTAGATAGAGCGCGCGCGCATATAGTAGCTTAGATAGTAGCGCTCGTATAGTTAGTAGCT
lib1_other_seqs_70,0.2860123237107725,0.3949510096227824,0.2929739362222564,0.2667163756152982,0.2381721210068931,0.3111651718491092,CCTAATTAGTAGGTCTCGCTAGGTAGGTCGCGCGCTAAATAGCCCCACTATCTATAATAGCGCTCGCTAAATAGGTCGCCTAACTATCTATAGTCCTAGTA
lib1_other_seqs_71,0.4180616875479658,0.3954132177212729,0.3363608477132004,0.3293708299450532,0.2713749689766762,0.3852827193871628,AGTAGCCCCTAGTAAGGCCTAGTATAGCCTAGTAGGTCTCGCGCGCGCCTAATTAGCTAATTAGTTATAATTAGCTAGTATAGGTCCCGCGCGCGCCCCTA
lib1_other_seqs_72,0.1645509325812413,0.1058012718266399,0.1438017503083093,0.0237640821586714,0.1716047555566762,0.1211288520761764,TCATAGGACTAGGGGTCGTCTCATAGGACTCCGCACTATAATCGGACTACAAGTCGAGGACTCGGCTCACAAGTCGCGGTAGGACTCCGCACTATAATTGT
lib1_other_seqs_73,0.1030875013261732,0.2377083104774325,0.124606213108391,0.1987517914328031,0.1179058546574135,0.1209556870599943,AGTCTCTCTCTCGCGCGCGCGCAGAGATATAGCGCTCGATATAGTGTCGCTGATCACTATAGTGTCGCTCAGTGTCGCGCTGATCATATACACTAGTAGCT
lib1_other_seqs_74,0.2638745103590634,0.3754531054091224,0.2923345932094773,0.3060721666339244,0.2089549407213696,0.2943548531634272,TGCTCATACTATAGTATAGCTCTCTCTCGCGCGCGCGCGCTCTCACAGTCTCTCTCTCAGTCTCTCAGATATAGTGATCTCACTATAGTCTGAGCTATATA
lib1_other_seqs_75,0.2784115406206769,0.3515469498138632,0.2528179021861085,0.2456822082161745,0.283961028140336,0.3801542622056814,CTCCCCTCTATAATATAGGTCGCGCTAAGTCTAGGTTAGTAGGTCGCGCCCCTATCTATATATTCTAATAATAGCGCTAAGTAGCGCTCGCGCTCGCGCGT
lib1_other_seqs_76,0.2576861946302378,0.3871956929025289,0.267021747199593,0.2952711495617561,0.2409296076356968,0.3341366854795081,CCCTATAATTAGCTAATAGCCTAGTATAGGCTTAGGTCCTAATAGCCCCTATAATTAGTAGGGCTCGCGCCTATAATTAGCTAGTTAGCTCTAGTTAGTTC
lib1_other_seqs_77,0.1726244337910878,0.2825867150066684,0.2365631744378982,0.2097856912736164,0.1387304911605301,0.2676338133218448,GCTGCTCATATACTATAGTCTCTGCTCACTATATAGTAGCGCGCGCTGCTCATATACGCTATAGTATCTCGCGCTGCTCATATATACGTGTAGCGCGCTCT
lib1_other_seqs_78,0.1617887360587429,0.0978431609255024,0.1469464157498252,0.0075720771414215,0.1249720178480238,0.132568704903584,GGTTACAGTAATCGGACCACTACGGACGTGCTAGTTACTAACAATCATCGGACGGTCGGTCCTCTACGGACTTTTCAGTAATCGGACCGCCTTCTGTGTAA
lib1_other_seqs_79,0.2171587837812568,0.1976903026296731,0.1542623822947825,0.0574875424286302,0.1700097411020597,0.1489988173026526,GTCCACTTTGGGCTAGTTAGTTAGTAACTAGTCGGACCACTTCGGGTATAATCGGGCCAGTATAATCGGACCGGCAACAGTTGGGGTAAGTAACTAACCGG
lib1_other_seqs_80,0.2102665577134402,0.2202748055981745,0.1679769565983362,0.0778308327879756,0.1118295252843608,0.1724077186856362,TGTACAGATGTACTGTATATAGTACAGCTGTACAGCTGTATATGTATGTACAGCTGTACAGACCGCTGTTTACTGCACTCTGTATGTACATGTGTGTGTAC
lib1_other_seqs_81,0.1678187211255313,0.133902793666065,0.1334718149476598,0.016573022133739,0.1564974706416134,0.0865561263333547,GCATCTGATAGCGCACAGCTGATGTATACGACGGACGTCGTACTCGTAGCGCTGTATGTATGAGACGACTCTCATCTGTACATGAGACGTACATCAGATAG
lib1_other_seqs_82,0.2927307774681846,0.3396644087441781,0.2656634708203567,0.209089123097489,0.1834171162539015,0.2601804065084374,TAGCGCGCTCTCTCGCTCTGCTCATACTATAGTTCACACAATATAGTAGCGCGCTGCTCATACGCTAGTGCTCTATAGTATCGCTCAGATATATAGTAGAT
lib1_other_seqs_83,0.1822787458614472,0.2880334536484037,0.1628426316034379,0.2036962585737966,0.1159890956370278,0.1946266553334603,AGTCGCTGATCATATACTAGTCTGCTCATATACTAGTAGCGCGCTCAGCTCACTATAGAGTAGCTCGCGCGCGCGCAGCTCACTATAGTAGCGCTCAGATT
lib1_other_seqs_84,0.2534593009553345,0.3116727930011129,0.1818249360790379,0.2098733988657228,0.1502481604346058,0.2409346979050741,GCCCTCTCTATATAAAGTCGGGCCTCTCTATAGTCTAGGGCTCCTCACTATAATAGGTCGGGCCGAACTATAATCGGCCCTCACTATATAGTCGCCTAATA
lib1_other_seqs_85,0.1577746628903893,0.1975209522828739,0.1080939165534823,0.0444562427776199,0.1789542589103173,0.1732340113190435,GTCTGGTTAGTAAGTAGTCGGACCACTGTAGTCGGGCTAGTAACTGTAGTCGGACTATAGTAGTCGGCCCGTCCGACGGTCCGCCTTTGGTAAGTAACCGG
lib1_other_seqs_86,0.2538902782251518,0.3868843971666363,0.2715748445623139,0.2476103294867715,0.2334367328902499,0.3151067992280196,TTAGTAATCGGCCTTAGTCCGCCCTATTCTGGTTACTCAATAAGTAGTCCGCCCTAATCGGGCCACCCGTCTAGTAATAGTAGTCGGCCCGTCCGCTTAAT
lib1_other_seqs_87,0.1992784879581484,0.3124083731259177,0.2261366921576595,0.1348775484136035,0.2095640153818202,0.2348253469487412,CCGCTTTAGGTAATAGTAACTATGGACTAGTATAATTATCTTCGGACTAGTTAGTAGTCGGCCCGTCCGTCTAGTATAATCGGACCGTCCGCCTTAATTAG
lib1_other_seqs_88,0.2945192629509059,0.3999787185081147,0.2824612425254135,0.2544866499411559,0.2347060871826284,0.2764540760710852,GTCGATCGAGCTAGTAGCTCATAGTAGATAGAGCTTAGTAGATCGCGCTCAGATCGTCATATAGTAGCTAGCGAGCTGTGCTCTGCGACTATAGTAGATAG
lib1_other_seqs_89,0.1688094130885067,0.1610374969166459,0.1385284625604539,0.0113668104130686,0.1023150973620371,0.1382421127185398,TGTACTGTATATAGTGTGTACAGAGCATGCTGTACAGCTGCTGTATATACTGTACAGCTGCTGTATATAGCTGCTGTTGTACATAGCAGCTGTTGTACATA
lib1_other_seqs_90,0.1261135633024603,0.1986412037718821,0.0506435902825865,0.1315049120285381,0.039585269072501,0.1004557152309364,TCTAATATCGCCTCACTAGTCGCGCTAAGTAGCGCGGGCCTATAATAGCGCTAGGTAGGTAGGTCGCGCTCGGGCCGCTCTATAAATAGTAGGTCGCGCCT
lib1_other_seqs_91,0.1470959295702632,0.1389553111680644,0.0741885674679019,0.0007859191342808,0.1509779007464469,0.1255628078175395,AGAGGTCGGTCGGCAAGTCGCGGGGACTTCTGTATAGTCCACGACTCGGCCCGAATTGTCTGTATAGGCGCGGACTTCTGTATAGTCGTCGCACACACATC
lib1_other_seqs_92,0.2628375550628616,0.1742540318431831,0.1243284513091085,0.1598139273289023,0.1189220558026494,0.0987433387594303,GTCGATCTAGCAGAGCGCACACGCGACTCGCAGATCACACGTGCTCATGCGACTGCTGTGTGACATCACATAGAGAGCTCTGTGTACGAGCAGATCGCTGA
lib1_other_seqs_93,0.3094105524088418,0.4030468070592443,0.2874087952672034,0.3186549181501903,0.2285871078428512,0.3541259541144517,AGCTATATAGTAGCTCTGCTCACACTCTATATAGTGTAGCGCACAGATATAGTAGCGCGCGCGCTCTCGCGCAGAGATATAGTAGCGCGCGCTCTCTCTCT
lib1_other_seqs_94,0.1500634440792876,0.0795866844914731,0.2008789309962233,0.0763069649045564,0.1874146879628889,0.20661581156496,AGGACGCTCGGTTCACACGACTCCGCTCTATAATCGGACTGCACATCGCGCGGCCCGAATTCACTGACTATCATAGGACTGACTTCTCACAGCGCTTCACA
lib1_other_seqs_95,0.2072310682067045,0.1251256968179624,0.1093252992472437,0.0420648468233783,0.0874767695820924,0.1741071976816207,CTAGGTCGCGGGCTCGGACTGCACTCTAGTCGCCGCAGGGGACTTCTCTGTATGTGTCGTAGGAGAATTGTCACAGGGCGGACTTGTCTAGGCGTCTCATA
lib1_other_seqs_96,0.1622733616752367,0.3189897922803023,0.2293697811932833,0.2230835126144723,0.1542918618936506,0.2355900816876646,GCGCTGCTCATATACTAGTATCGCTCTCTCTCTGCTCGATATAGTCAGATATAGTAGCTGCTCATACTAGTAGCTCAGCTCAATATAGTAGCTCAGATAGT
lib1_other_seqs_97,0.103369261501054,0.2388366028899783,0.1956310082115869,0.1120966058965876,0.1722155859999928,0.2414861952483834,ATCCGCCCACATTAGCATCGGACCGCTATAAGTAGTCAGCCCGCCCGTCCATCCGCCCGTCTAGTTAGTAGGTAACTATAGTCGGCCCGTCCGTCCATTAT
lib1_other_seqs_98,0.3364150318326601,0.4647400862105407,0.3475874980928723,0.3783076418783024,0.2836148617674226,0.3789687902698948,CCCTCTATAATAGGCTATAGTAGGGGTCCCGCCCCTAGTATAGGCTAATTAGCTAGTAGCCTCTAGTTAGTATAGGTCCCCTCTAATAGCCTATAGTAAGT
lib1_other_seqs_99,0.2819517875361951,0.4085329400827431,0.341127271015056,0.3118429214515298,0.2820879412033558,0.4171529998302649,CCCTATAGTAAGGTCCTAGGTCTCGCGCGCGCCTATAATAAGTCCCCTAGTATAGGTCCCCTAATAGCTCGCGCGCCCCTAGTAAGTCTCCCCTAGTAAGT
lib1_other_seqs_100,0.3096833687302621,0.4762478607566228,0.3641630999018955,0.3588969097177419,0.3128387554832091,0.3732576356672262,TAGCTTGGTATAGTAGTAAGTATAGTCCGCTAATAGTAGGTAATTAGCCCGCCCGCCTAGTATAGTCCTACTCCGCCTAGTAATAGTAGTCCGCCCATTAA
lib1_other_seqs_101,0.3198268377593298,0.3501272187870061,0.2486455360363656,0.2740677386153273,0.1851100042582693,0.3245235022698147,GCTCAGATATATAGTCGCTGATCTATATAGTCAGCTCTATATAGTAGCTCAGATAGAGTCTGCTCATACTAGTAGCGCGCTCACAGTCTCTCTCTCAGTAT
lib1_other_seqs_102,0.2823489109549227,0.4446014381616345,0.368823596982843,0.3528999058899797,0.2877160042809968,0.3788134683276847,CATAGCCCCTAGTTAGCTAATTAGCTAGAAATATAATTAGTTAGTATGGGTCCCCTCTAATAAGTCCCCTAGTATAGCTCGCCTATAATTAGTATAGGTTC
lib1_other_seqs_103,0.1624122422648596,0.2922612732748887,0.1872581111359285,0.1044172861170098,0.190563596232039,0.1947080909642159,TCGCTCAGATAGAGAGCGATATAGTAGCTCATCATATACTAGTAGCTGCTCATATACTATAGTAGCGCGCGCTGAGCTCATACTCTAGTCTCAGATATAGT
lib1_other_seqs_104,0.2634222680043332,0.4342703868569543,0.3176698889771789,0.3726918068514994,0.2951657552563466,0.3588705103144691,TCTCGCCATATAGTCGTGTCCCTATAGTATAGCGCCTCTCACCATATAGTACCCTATAAGCTAGGTCGCGCATATAGTATAGCTCGCGCGCCTCTCGCGCT
lib1_other_seqs_105,0.1810000608775616,0.2407217262487008,0.1379760578084401,0.08578919375139,0.0786379821396981,0.1654112661153532,TAACTTTAGTCCGGCCATCCGGCTATTGTCACTAACAGTAGGTTAGTAACCGTCTTCGGACCAGTTTGGGTCAGTAGTCTGCTATAAGTAGTCTGGTTTGG
lib1_other_seqs_106,0.2210200273240836,0.1649208068560904,0.154952049691215,0.0393843595419999,0.1041507036360831,0.1334356570220626,GACGGTGTATATAGTACATATACAGCTCTGTACTGTACATACAGTGTACAGCTACAGCTGCTGTACATAGTACTGTATATAGTGTATGTACAGTGTATATA
lib1_other_seqs_107,0.2641219368489961,0.3776159090062315,0.3490748934864465,0.2654316379533563,0.2506813309400299,0.3824383766070851,TAGTCCGCCCTAATTAGCTAATAATAGCCTAGTAGTTATAGTCCGCTATAGTCCGCCCGCCTAGTATAGTCCGCAATAGTCCGCCCGCCTATAATAGTTAG
lib1_other_seqs_108,0.1859952747735125,0.2515805895559044,0.2955921943196322,0.1220522017852426,0.1928801075754716,0.1718419278635951,GACTGTGAGTATGAGTGTGACTGATGTGATGACTCACGCTGAGCACTGCACATGACAGACAGACACATACGACTCAGACTGCTAGAGTCTGTGCGACTGAC
lib1_other_seqs_109,0.2470987215148314,0.3899083746567273,0.2678478796518372,0.2249777049494179,0.2285091362434001,0.2910860278399124,ATAAGTAGCGCTAGCGCTCCTATAGTCCTCTCACACTCATTAGTCTCCTATATATCCCTCACACTAGTCTCCCCTAAATAGTAGCTAGCTAGGTAAGTCAT
lib1_other_seqs_110,0.2061676947464994,0.3902127900647629,0.2856602559644293,0.2754329116642779,0.2436156796965767,0.2764854069349739,TAGTAACTCGCCTCTCCCCATATAGTAGCGCCCATATAATAGAGCTAGCTAGGTAGCTAGGTAGCGCGCGCATATAAGCGCATAGTATAGGTAGCGCCCAT
lib1_other_seqs_111,0.220417008895533,0.1975441992854718,0.1547091211262536,0.0508808474492136,0.1111564643590054,0.1727954098884065,GACTTGTACTGTATATAGCAGCTCTGTACTGTATATAGTACAGTGCATAGTGTACAGACGGCTGTGTACAGCTGTACACAGCTGCTGTATATATGTACATA
lib1_other_seqs_112,0.2430141593901693,0.4195192701963868,0.3027416273550136,0.277735695968062,0.2672159111757741,0.3013580322302293,TAGTCGCGTCCCCATATAATATAGGTCGCTTCCCTATAGTAAGTAGCGCCCATATTAGCGTATAGTAGCTAGGTAGGTAGATGTAGCTCGCGCCCATATAG
lib1_other_seqs_113,0.3685347821648141,0.455351370266887,0.3118137664655206,0.3590707905013443,0.2986430231526346,0.2892748848997462,AGGTCTAGCTCGCTAGGTAGGTCCCCTCTATATATAGTCGCGCGCCTAATTAGTCCCCTATAATAAGTAGCGCGCTAGGTCTCCTCTAAATAGTCCTAGTA
lib1_other_seqs_114,0.2936012742915128,0.4694553619120941,0.4112230161145855,0.3638095274968643,0.3269012219606972,0.3695943782393641,TAGATAGTAGCTAAGTATATCGCGCCTCTCGCTCTCGCCCTATAGTAGCGCGTCTCCCTATAGTATCGCTTCTCTCCCCATATAATCGCATATAATAGCTA
lib1_other_seqs_115,0.2840849797683666,0.3970496042493125,0.271633125249193,0.245436901903312,0.2158407503736175,0.2603216342999546,CGATATAGTCTGCTCACTATAGAGAGATATAGTAGCGCGCGCAGATATAGAGCTCTATAGTCTGCTCATATACTAGTAGCTGAGCTATATAGTAGCTCTCT
lib1_other_seqs_116,0.330256328583012,0.2940527033040055,0.2026577158373438,0.2100128858983801,0.1642150620564238,0.2688465710699516,GTCCGGCTACTATAACCAGACGGACCAGTTAGTAGTCCACCTTGTAGTCGGACCGCCCTAGACTGGTTACAGTCAGTAATCGGCCTTGGGCTACTATAATA
lib1_other_seqs_117,0.2103055688520582,0.3294329040818346,0.2937763073154273,0.1608316605050783,0.2706436740755192,0.297744501239499,AAATAGCTCGCGCATATAGAATAGGTCGCGCGCCCATATAATAGCTAGGTATAGGTATAGGTATCGCGCATATAAGATATAGGTAAGTAGCGCGCATATAA
lib1_other_seqs_118,0.3913336843978945,0.4887564890597195,0.386029596782525,0.3897287753000169,0.2910387189717621,0.3714727355213424,AGTATAGCCCCTATAATAGGTCTCGCCTCTTAGCTCGCCTATAATTAGCTATAATAGGTTCCCTATAATAAGTTAGTAGGTCCTAGTATCTCCCCTAGTAA
lib1_other_seqs_119,0.2200697419180929,0.3874792809897875,0.3155318427256779,0.3393934829229524,0.2488644754709688,0.343402516393104,TAATCAGCTATAGTCCGCCCGCCCGCCCGCCTAGTTACTAACAGTAGTCCGCCTTAGTTATAGTCCGCCTATAATAGGCTAGTAAGTAGTCCGCCCAGTAA
lib1_other_seqs_120,0.286638957862855,0.3881980019487825,0.266586774968478,0.2789485613170179,0.1905312258913987,0.289203951897548,ATAGTCGCTCACATAGTATCGCGCTGATCATAATATAGTAGCGCGCTCAGATATAGTCTCAGCTCATATACTATAGTCTCAGCTCACTATAGTAGCTCTAT
lib1_other_seqs_121,0.2326496182436908,0.2747450546535104,0.1765069464880697,0.1049554251741719,0.1295118577478715,0.1729366124165942,TGTACAGACTGTACAGCTGTACATATAGTACTGTACAGCTGTATATATGCTGTACTGTACATATGCTGCTGTATATAGCGGCTGTATGTACAGATGTGTAT
lib1_other_seqs_122,0.2597969657189737,0.432521557327829,0.3235267918147852,0.3304500191963641,0.2769338761581521,0.3717525811903925,ATAATAGCCTATAATAAGTCCCCTAGTATAGCCTATAGAATAGGTCCTATAGTAGGGCTCGCGCGCCTATAATTAGTTATAATAGGTCCCGCCCCTAGTAT
lib1_other_seqs_123,0.2786627642415312,0.4285597298306699,0.3575457065317373,0.3196564773412066,0.2682732188261521,0.3906899250383733,ACTATAAGTAGTTATAGTCCGCCCGCCCCCAGTAGTAGTCACAATAATTAGCCCGCCCGGTTATAATAGTATTAGTCCGCTTTAGCCCGCCTAGTAATTAG
lib1_other_seqs_124,0.1317809302383848,0.1263391940760377,0.1417350992643237,0.0089197958969266,0.1959096134391713,0.1618533862349028,AGCGGTCCGCCCTCACTGTGTATATAGTCGCCACGGCTCCTCACTATAATAGCGCTAGGTCGGTAGGTCGCGGCACGTCGCGTCTAGTCGGACTACACTAT
lib1_other_seqs_125,0.2230955684813084,0.3865753438178056,0.2660723389171152,0.2602306499118861,0.2302477338471567,0.333047778893704,TAGTCGCCTCTCACCCTCTCGCTATATAATAGCGCGCCTATATAATAGATGTAGCTTAGAATAGCGCCCATATAGTCGTCTCTCTCGCCCCATATATAGTA
lib1_other_seqs_126,0.2576342759483478,0.4176322838961242,0.3453017970445576,0.3217475555662353,0.27671199907037,0.3978976535312207,GCCTATAGTTATAATAGGTCCCCCCTAGTAATATAATAAGTCCCCTAATTAGCTAGTATAGGTTAGAAGTAGTAGGGCTCGCGCGCGCCTATAATTAGTTC
lib1_other_seqs_127,0.2000950302966739,0.3726954409748383,0.2893532753239146,0.2586135457664003,0.2578792289676863,0.3503240734299216,GCCCCTAATCGCCCCTATCCCTATAATAGGGCTCGCGCGCGCGCCTAGTAGGTCCCCCGCTCTCGCGCCTAGTAAGTTAGTATAGTCTAATAAGTCCCCTA
lib1_other_seqs_128,0.1662118689574686,0.24160247550074,0.1189490042334448,0.158496819510166,0.0450638390321864,0.1532623597866272,GACGTACTGTATCTGTACATACACTGTACAGCTGTACTGCAGTGCTGTACATACTGTACAGCTGCTGTATATAGCTGTACATACTGTACAGCTGTGTGTAT
lib1_other_seqs_129,0.1610555477017864,0.2574502955556669,0.1095837826286929,0.1386068079629734,0.0637706026725711,0.1506630384847723,ACTATAGTCGGCTTTTGGTATAGTCCACTTCGGGCTAGTAACCGCCGGTGGGTTGGTTAGTTACTAACAGTAAGCAGTCCGCTTCGGACGGTCCGTCTATT
lib1_other_seqs_130,0.2962740941680556,0.4414028727688426,0.2933540163463847,0.3581935417910832,0.2587585430311152,0.3373689970487608,AGCGCTACGCTCGCTAAATAGTCTCGCCTAGTAAGTAGGTCTAGGTAGCGCGCTAAGTAGCTCGCGCGCGCTCCCCTAATAAGTCTCCTCTCTATAATAGT
lib1_other_seqs_131,0.2838937859916201,0.3720107087026134,0.2360487589192221,0.2586695671037479,0.1779008532666663,0.2934818856112212,ATAGTATAGGTCGCGCGCGCCCCTATATTATAGGTCCCGCGCGCCCCTATAGTAGGGGTCCCGCGCCTATAATAAGTCGCGCCTATAATTAGAGTAGGCCT
lib1_other_seqs_132,0.2502908790515976,0.3787653813557826,0.2745909882831176,0.2204738275392663,0.1910774728867514,0.2311200477128388,AGTATCGCGCGCACAGATATAGTAGCTGATCACTCTAGCTCATATACTATAGTAGCTCTGCTCATACTATAGTCTGCTCATACTATAGTCTGAGCTATATA
lib1_other_seqs_133,0.2932135105617248,0.3711812340908809,0.2432462517132812,0.2588295241112776,0.1697041945847058,0.2482508647812816,ATAGTCTCTGCTCATATACTATAGTGATCATACGATAGTGTAGCTCGCGCGCGCGCAGCTCTCTATATATAGTAGCGCGCGCTCTCTGATCGCTATATAGT
lib1_other_seqs_134,0.2105016513051678,0.3486677756362975,0.2494958862906081,0.2512404695235681,0.1551446507791744,0.2914398589111385,TCGCTCCCCTATAATAGGTCCCCCCTAGATATAATAGGTCCCTCGCCCCTAGTAAGCTAGAATTATAATAAGTTAGTAGGTCCCCTATATAATAGGCTAGT
lib1_other_seqs_135,0.2588575136821301,0.4095316904350239,0.2619880948656906,0.2933842340387912,0.2121355110310855,0.2783789973215739,AAATAGCGCGCCCCTCTATCTATAATAGCGCGCTAGCTAGCTAGGTCTAGCTTAGTAGCTCCCCTAATAAGTCTACGTAAGTCCTAATTAGTATCGCTAAT
lib1_other_seqs_136,0.2607022920102907,0.3556669707488962,0.231033839668625,0.2362838932804545,0.1953399390193139,0.351535509226164,AGTATAGGCTAGTAGCCCCTAATAGCTCCCCTATAATAGGTCCCGCGCGCCCCTATAATAGGTCCCCTATAATAAGTTATAATAGGTCCCCTAGTAAGGGT
lib1_other_seqs_137,0.1414545955031606,0.3403618594148972,0.2304983960641748,0.2532189510032533,0.1898896970861796,0.2472469834754669,TACTCGCCTCTCTCACCCCATATAATAGCTAGGTGTAGCGCATATAGTAGGTATAGCTAGCTCGCTTCGCCCCATATAGTAGGTAGCGCGCATAGCCCTAT
lib1_other_seqs_138,0.1810230183721827,0.084424082540346,0.1453442959206994,0.002186117252349,0.1724805462066004,0.1339013405027237,GAATTGTGTATAGTCGCGGTCGGGCTCTGCAGGTCGACGACTCGGACTTCTCATAGCGCTCGGGGACTTCTCTATAATAGGGCGGACTGCACTCTAATCGT
lib1_other_seqs_139,0.3075966650004105,0.3887137073469328,0.2427975071506562,0.3142455223570141,0.1940090794587655,0.3187044283386447,CTCTCGCTATAGAGATATAGTAGCGCGCGCGCTGATCTCTATAGTAGCTGCTCATATACTAGTAGCGCGCGCGCTGATCATATACACTAGTAGCTCTCTCT
lib1_other_seqs_140,0.3169971249296279,0.4648597969571977,0.3550107660285849,0.4047730532725762,0.2699173647316938,0.3686555796855122,AGTCCCCTATATAATAGGTCTCGCGCCTATAGTAGGGGTTCGTAGCTCCCCTATAGTTAGCGTAGGTCCCCTAGTAAGCTAATAAGCTATAGTTAGTCCCC
lib1_other_seqs_141,0.2836846731850349,0.3478998708692689,0.217726263723239,0.2398314045647758,0.1422765937741881,0.2497070744470914,GCTGCGCTCACTATAGTAGCTAGCTTGCTATGCTCTCTATACGACTATAGTATAGCTAGAGCATAGTAGCTAGCTAGCTAATATAGTAGATAGCGCTAGAT
lib1_other_seqs_142,0.1737720616751688,0.3386194805381274,0.1988638349716159,0.2652022804676495,0.156509033731249,0.190932375425239,CGCGCCCATATAATAGCTCTTAGAATAGCTAGGTCGCGCCCATATAGTAGCTTATAGTAGCGCGTCTCGCGCTCTCGCCATATAGTAGCTAGGTCGCGCAT
lib1_other_seqs_143,0.3012118317596299,0.3968178080260754,0.2686144088579804,0.2221396685070337,0.2005671581229164,0.2906453155722633,CTCACATATACTATAGTAGCTCTGCTCATATACTATAGTCACATAGTAGCTGATCATATATACTATAGTGATCGATATAGTCACAGATAGTGTCTCTCTAT
lib1_other_seqs_144,0.2511868449361969,0.4453877317189604,0.303865809834179,0.3426575561138015,0.2922646173279064,0.3815573346456156,CTATAGTAAGGCCCCTAGTAAAGGCTAGTAGGGCTCGCGCGCGCGCCTATAATAAGGCTCCCCTAATAGGTCCTAGTAAGCTATAGTAAGTCCCCTAGTAT
lib1_other_seqs_145,0.3748797019516449,0.5587158377071381,0.4057479447293312,0.440859495511569,0.3681486669021436,0.4415873232962796,AGTCTCTCTGCTCACTCTCGCGATATAGTAGCTCTCTCTCTCTGTCTCGCTGCTCATATATGCTAGTGATATATAGTGCTCACTATAGTCAGAGATATAGA
lib1_other_seqs_146,0.2058783795980745,0.4075505059596498,0.2949284513621834,0.2505649223891015,0.273516424235005,0.3326801013715929,CACATATAGTATCGCGCCTATAGTAGCATATAATATAAGATTCGCGCGCCTATAGCTCCCCATATAGTATAGGTCGCTTCCCTATAGTAGCGCGCCCCTAT
lib1_other_seqs_147,0.2189592439918767,0.2157882838666192,0.1560471200230851,0.0311365735461969,0.111556650423075,0.1471975565457476,TGTATATACGGACTGCTGTGTACAGATGTACAGCTGCTGTACATACTGCTGTATATACTGTGTGTACAGCTGCTGTGTATATAGTGTACACAGCTGTGTAT
lib1_other_seqs_148,0.3163987810022385,0.4538694182735442,0.2636474151775484,0.2951956953010634,0.2658348356553154,0.3327999674680061,CTTATCGCCTAGTAAGGTAGTAGGTCTCGCGCCTATAATAAGTCCCGCCCCTAGTAAGCTCGTAGGTCTCGCGCCTAGTAATAGTAAGGCCTAGTATAGCT
lib1_other_seqs_149,0.1491286776374437,0.1333321698130306,0.1396362707491151,0.0122164497341672,0.1998509352117878,0.2129615991916202,TGCACAGACTGCTGTGGAGACGCTGACTGTATGTGTATAGTACTGCTGTGCACAGACTGTACTGTACGTACACAGTCTGTGCAGTATGTACGGACTGACGG
lib1_other_seqs_150,0.229257322200605,0.3841019115574367,0.3276117977187677,0.2107588456490752,0.2390324170190872,0.3425597503715881,ATCCGCCTAGTATAATTATAGTCCGCTTTAGCCCGCCCAGTTAGAATAGTCCGCCATAGTCCGCAATTAGTATAATTCGCCCGCCTAGTTACAATAATTAG
lib1_other_seqs_151,0.1252826879079835,0.2908108987023147,0.2447383339123529,0.1744722663679139,0.1888473797691829,0.3121962123316715,GCTCTCCCCATATAATAGCGCACATATATACTTAGAATATCGCGCGCCTATAGTTCTCTCACCCTAGTGGCGCCTCTCTCTCCCCATATAGTAGAGGTAGC
lib1_other_seqs_152,0.2118332227425649,0.4284962263074044,0.3028763858590098,0.2893466819425913,0.2587160378065095,0.2915434439486318,TAGTTAGTCGCGCGCCTCTCTCTCACCCTATAATCGCGCCTATAGTAGCTAGGTAGCGCTCATATAATAAGAATAGATATCGCGCTTCTCGCCCCATATAG
lib1_other_seqs_153,0.1850135764930091,0.3896479173807972,0.2466600833364463,0.2420756826108501,0.1987512199140068,0.2564476334312144,CTCACGCTATAGCTCATATACTAGTAGCTGATATATAGTAGCGCGCTGCTCATATACAAGTCTCAGAGATATATAGTAGCGCTCAGCTCACTATAGAATAG
lib1_other_seqs_154,0.3761759147330405,0.5124249313308867,0.43426062133842,0.4161569480356452,0.3228586171313549,0.5022529042724215,TCCCCTATAATAGGTCCCCCCTAGTAGGGCTCCCCTAGTTAGCTTAGTAGTAGGGCCTAGTAGCCTCTTAGCTCCCCTATAATTAGTAGGTCCCCTAATTA
lib1_other_seqs_155,0.1893436526937372,0.2988029070553269,0.1491044679903626,0.2745050658169832,0.254208236893206,0.3499267450569983,ATAGTAAGCTAGTATGGCCTATAATTAGCTAGTAAGGCTCGCCTATAATAAGTCCCGCCCCTATAGTAGGGCTCGCGCGCGCGCGCGCCTATAGTAAGGGT
lib1_other_seqs_156,0.153503174320853,0.344494578670961,0.1635243565267233,0.1999915171227403,0.150195873220408,0.1913207387381083,GAGCTGAGATCTAGTCTACGCGACGTAGTAGATAGCTAGATAGCTCTCTGCGCTCTAGCAGATCGCTCTCTGCGCTCACTATAGTTAGTAGATAGAGCTGA
lib1_other_seqs_157,0.1113951634288102,0.3347370533722778,0.1714933021296894,0.1951347399009609,0.1896911063976453,0.2032750794399589,CGCGTCTCTCTCGCGCCCCATATAGTAGCGCCTATAGTAGCTAGAGGTATAGGTCGCGCCCATATAGTCGCCCATATACGCATATAGTCGCGCCTATATAG
lib1_other_seqs_158,0.1491327746550974,0.3344383760291567,0.20695352060293,0.2576497467286582,0.2485225606441875,0.3392840044308653,CCTCTATAATCGCGCCTCAATAATAGCGCGCCCCTCTATCTATAGTATAGGTCCCCTAACTGTGTATAGTAGTAGTAGCGCGCGCGCGCGCCTATAATTAG
lib1_other_seqs_159,0.2634009831767206,0.2930304133287582,0.2104074965939369,0.0958174958973652,0.1369223453111283,0.2094445261939874,TGTATGGACTGTATATAGCGGCTGTACTGTACATAGCTGTATATACTGTGTACAGATGTACAGACGTATGTATGTACATGTGTGTACAGCTGCTGTATATA
lib1_other_seqs_160,0.2857032341883481,0.3916438978805873,0.2903081187857158,0.3029417134297191,0.173784815612604,0.355568795848626,ATAATAGCCCCTAGTAGCCCCTATAGTTAGGGATAATAGGTCTCGCGCGCCTATAATTATAATAGGTCGCGCCTATATATTAGGTCTCGCCCCTAGAATAG
lib1_other_seqs_161,0.2502500263681441,0.4087555167892432,0.3117210822427002,0.2527948821434722,0.1985913857490142,0.3345796268560733,CCTCTCTCGCCCCATATAGTAGCGCCCATATAGTATAAGTAGCGCGCATATAATCTTATAGTAGCGCCCATATAATAGCTCATATAATAGGTAGCGCCCAT
lib1_other_seqs_162,0.019180782177217,0.2357959207139932,0.1142094988074359,0.0786764147974217,0.1706521519869266,0.1301102361593965,AGCGCGCGCCTCTATATATAGTCGCCCCTATAATAGCTCGCCTAATAGGTCGCGCGCTAGGTCGCGCCCCTATAATAAGTCTCGCCTCTATAATAGCGCCT
lib1_other_seqs_163,0.231396811649654,0.1904721292418535,0.2062450455326406,0.0494491641687035,0.2656754931899307,0.1621053285418642,TGTACGTAGACACGCTGTGTACTGTACATATATCAGACGTATGTACTGTGTACTGCTGTACATGACAGACGACTCTGTATGACTGTACACTGTATATATAG
lib1_other_seqs_164,0.3466577060799284,0.5319794222617125,0.3783110423893995,0.3867444792308552,0.3134165045472763,0.3966609990959178,TAGATAGTAGCGCTTCCCCCTATAATAGCTAGGTATAGCTTATAAAATAGCGCATATAGTAGAGGTAGCGCGCCCATATAATATATAGGTAGCGCGCCCCT
lib1_other_seqs_165,0.3254596342968643,0.5042855771265576,0.354816038430093,0.358703932508769,0.2773939118449985,0.3703243081539916,TGTCCCCATATAATAGCGCATATAGTATAAGTATCTCGCGCTCCCCTATAGTAGCTCGTGCCCCTATAGTAGCCTCGCCCTATATAGTAGAGATAGGTAGG
lib1_other_seqs_166,0.3238963751591236,0.5267078617461096,0.4200400839069975,0.441263757550352,0.3332494540195959,0.4470012943699762,TACGCTTCTCTCCCCATATAATCGCTTCCCCCTATAGTAGCCTATATAATAGGTCGCTTCGCCCTCTCGCCATATAGTAGTCCCCATATAGTAGCTTATAG
lib1_other_seqs_167,0.2814538250428004,0.4741832174993934,0.3643364829403323,0.3116313926500632,0.2623301059085574,0.3698801128127135,CTCACACTATATAGTAGCTGAGATATAGTAGCTCTCTCGCGCGCTCTGCTCATAATATAGTAGCTCTCTCTCTCTGCTCTATAGAGACACAGTCATAGTAT
lib1_other_seqs_168,0.1757769012986779,0.3625763391492854,0.2949122653127301,0.2144508402064052,0.2347070734195894,0.3559624869773392,CCTATATAGTAGCGCGCCTCTATAGTCGCCTATAGTCGCCTCTAGTATAAGTAGCGCCCCTATAATAGCGCCCCTCACAATAATAGCCCCTCTATAATAGT
lib1_other_seqs_169,0.3695379282213373,0.5405237077191472,0.3872007498584744,0.3785385775342159,0.3070334018501516,0.3923677436115592,ACTTAGTAGATATAGCTCATATATAGTAGCTAGCAGCTCTAGATAGTAGCTCTGCTCTCACTCGCTATAGATAGCTCGCTCGCTATAGTAGCTAGCTTAGT
lib1_other_seqs_170,0.0776683238350402,0.2670589887309691,0.2327980931386213,0.1264620723932591,0.1961313191661858,0.2651597211689683,ATAAATAGGTCTCGCGTGTCCCTATATAATCGCGCCTCTCTCCCCATATAGTATTCTCCCCATATACCCATATAATAGCGCCTCTCTCGCCCTATAGTAGT
lib1_other_seqs_171,0.262299299153606,0.4772733683285848,0.3648080215652082,0.3521817069344991,0.2794108763407857,0.31228277817475,TACTTACTCGCGTCTCGCTCTCTCCCTATAGTAGCGCTTCTCTCACTATAAGATAGCTCGCGCCTATAGCTCTCGCCCCATATAGTCCCATATAGTAGCAT
lib1_other_seqs_172,0.3416525874753598,0.4984472543249236,0.3261156523437883,0.3047518066479872,0.2939249378516605,0.4072010769624308,AGTAGCCTCGTAGCTCGCGCCCCTAGTATAGGCTATAATAGGTTCTAATAGGTCCCCTATATATAAATAGTAGGTCCCCTAGTAAGGCCTATAGTAGGCTT
lib1_other_seqs_173,0.1113844626405485,0.3427950121308094,0.2327230857115019,0.2349781451539785,0.1962732154785989,0.2795752479825685,ATAGGTAGCTCGCGCCCCTAGTCCCCTCTATCTATAGTCCCCTCACAATAGTCTCCTATAGTAGCGCTAGCGCGCTCCCCTAATTAGTCTAGGTAGGTCAT
lib1_other_seqs_174,0.1401260300019177,0.3300836088405309,0.1836631936750119,0.2576263401456245,0.1245290160160151,0.2427239833131209,GCTCTGCTCTCTCACGCTATAGTCTGCTCATATACTAGTGTCTGCTCATATACTAGTGCTCATATACTAGTGTCATCATATACTAGTAGCGCTCGCGCTCT
lib1_other_seqs_175,0.2981986418678934,0.4375173996935659,0.2678869887544438,0.302972128435157,0.1967905184761355,0.3016842811506252,AGAGATATAGCTCATACGCTAGCTCATATACAAGTGTCTGCTCATATACTATAGTAGCTGCTCATATATACTAGTCTGATCTCTATATATAGTCACAGTAT
lib1_other_seqs_176,0.302489284727354,0.4548766237358657,0.3608087642593963,0.3481130481176326,0.2478406474873722,0.4359965217561999,GCCCGTAATAGCCCATAATTAGTAACTATAATTAGCCTAGTAAGTAGTCCGCCCGCCTAGTAATTATAGTCCCCCCATAGTAGTAGTATTAGTAGTTAGGT
lib1_other_seqs_177,0.1334056186422908,0.305787634843557,0.2445923051412623,0.1915172919953537,0.2570645978788355,0.3539957177921075,TGCGCGCGTCTCTCCCCATATAATATAGGTATAAGTAGCGCCCATATAGTAGCGCGCCTCTCTCACCCTATAGTAGCCCCTCTCTCTCTCTCCCTATAATA
lib1_other_seqs_178,0.2770738446317149,0.2803996195323498,0.177336793500057,0.0952767243235852,0.1116921583911345,0.179867137311168,TGTACATACTGCGCTGTGCTGTATATAGTATGTACAGATGCTGTATATAGTCTGTACATATGTACAGCTGTACAGAGCTGTACAGTGCAGTGCTGTATATA
lib1_other_seqs_179,0.1872982887460741,0.428066878132781,0.2988672507386996,0.2797375387637371,0.2761195152876337,0.3333542578489671,TGCGCGCATATAGTAGATATAGCGCTTCTCTCTCTCCCCCTATAGTATAGCGCGTCTCTCCCCATATAATAGGTATAAGTAGCGCGCCTATAGTAGCCCCT
lib1_other_seqs_180,0.2097875999252313,0.4221795221316021,0.290016233688112,0.2565120642993357,0.2050657294531064,0.2865814050373576,ATTAGTCCGCCCACTATAGCTATAGTCCGCTATAAGTATTAGTAGTCCGCCCGCCTAGTATAATCGGCCCGTCCGCCTAGTATAGTAGTATAGGTAGGTAG
lib1_other_seqs_181,0.3389360747805129,0.5266689301369188,0.3573625918800246,0.3775084051135495,0.2930705372043279,0.3616010827805651,TAGATAGTAGCTTAGAATAGCGCTTAGATAGTAGCGCTTCCCTATATAATAGCGCGCCTATAGAAGCTAAGTATAGGTGTAGCTCGCCCCTATAGTAGCTA
lib1_other_seqs_182,0.3739546775732668,0.5627106844921947,0.4055274419046863,0.3862066620025173,0.3334947424314866,0.3883080312836476,TAGTAGCGCTTCCCCATATAGTATAGGTAGCTAAGTAAGTATAGCTCGCGCCCATATAGTAGAGGTAGGTCGCGCATATAGTAGCGCGCATATAGTAGCTT
lib1_other_seqs_183,0.336032122771363,0.5412291530364485,0.3803551217568068,0.3510043807977747,0.3257946951243287,0.3704301110890946,ATATATAGTCTCTCTCTCTGCTCATATATATACTAGTAGCTCATAGTGTAGCGCTGATCTCTCTATAGAGCTCTATAGTAGCTGATCTATAGTGTAGCTCT
lib1_other_seqs_184,0.1957953008711436,0.3907050223047402,0.2575055426911956,0.1955614833868779,0.1874913159583554,0.1919206261057605,CCGTCCAGTTATAGTAATCGGCCCGTCCGTCCAGTTAGTATAAGTAGTCCGCTATAGGTATATAGTCCGCTTTAGGCCACATTAGGCTAGTTAGTAATTAG
lib1_other_seqs_185,0.2881092917366578,0.3974009289911474,0.25772251806649,0.1699874792033892,0.2200737461978597,0.2085609478138544,GCGCGAGTCTAGTAGCAGCGAGCTAGTAGAGCTCTGTACTCGATATAGTAGCGCGTGTGATAGTAGCTCGTAGCTCTGTGTGCTCGCTATAGTAGATAGAT
lib1_other_seqs_186,0.3374593273051114,0.5379253415902462,0.3540050477861033,0.3968034221848697,0.3215756043910732,0.3500726283041991,TCGCGCGCATAGTAGATAGAGCTCTGCTCGCTATAGTAGCTAGCGCGCTCTGCTCTCACTCTCTCTCGCTCGCTATAGATAGTAGCTAGCTCTCGCTAGGT
lib1_other_seqs_187,0.0476250658004312,0.2676413583793036,0.062343459051712,0.1153322144481777,0.0781627320438746,0.1205836193432444,ATATAGTGATCATATACTAGTAGCTCATCACATATACTAGTATCGCTCAGCTCTATAGTCTCAGCACATATACTAGTAGCGCTCAGAGCTATATATAGTAG
lib1_other_seqs_188,0.1553743986467829,0.377907617324678,0.2925338469627273,0.3213489581515478,0.2156463051537215,0.3126093190973755,CCTCTCGCGCCCCCCATATAGAATAGGTATGTCGCGCTTCTCTCGCGCTCCCTATATAATAAGTATAGGTCGCTTCCCCATATAGTAGCCCCTATCGCTCT
lib1_other_seqs_189,0.3262447355223013,0.5157951154690806,0.3635012059112869,0.3328024279422237,0.283923073402016,0.3342691183617872,TCGCTAGATATAGATAGCTCGCGCTAGCTAGCATATAGCTCGCTCGCTAGTCATAGATAGTAGCTATATAGATAGCTCTGCTCTCACTCTATAGATAGTAT
lib1_other_seqs_190,0.2387133935034924,0.3187905263943673,0.1749860855113825,0.1046666314374015,0.1104352902836014,0.1818638475042445,TATGTACAGACTGCTGTACTGTATATAGTGTACAGAGCTGTACTGTACATATGCTGCTGTATATAGTACTGTATACAGTACTGTATATAGCTGTATATATA
lib1_other_seqs_191,0.2768331363730487,0.4754584666197131,0.3149160690431655,0.2992759113789514,0.2392651839565182,0.307841818300915,TACTAACTTAGAATAGGTATAGGTCGCGCATAGTAGATGTCGCGCATATAATCTTCTCCCTATAGTATAGCTTAGAGTCGCCCATATAATATAGCGCGCCT
lib1_other_seqs_192,0.2667200529575291,0.4809017582080498,0.2894698621997717,0.3776374888345125,0.2767328031328635,0.3389908088319302,GGTGCCCATATAGTATAGCTAAGTATAGGTCTCGCGCTTCTCGCTCTCTCTCGCCCTCTCTCCCCATATAGTAGGAATAGAGGTATAGGTAGGTCTAAGTA
lib1_other_seqs_193,0.2898273755354652,0.5119988059294283,0.404062304692493,0.4611837596921605,0.3325829317727033,0.4154372273467208,CCCTATAATTAGCTATAATTAGTTCCGCGCTCCCCTAATTAGCTAGTAGCCTCTAATTAGCTAATAGGTCCCCTCTTAGCCTATAATTAGCTAGTAAGGCC
lib1_other_seqs_194,0.2253127470892499,0.4178685722419009,0.3235446264281868,0.297048561655077,0.2343932360129994,0.405208813200167,GCCCCTAGTATAGGTAGCTCCCCTAATTAGTCCCCTATAATTAGCTAATTAGCTAGTAAGTTATAATTAGCTATAATAAGTCTCGCCCCTATAATAGTAGT
lib1_other_seqs_195,0.2029184985578615,0.4106886743191228,0.2737822663766478,0.3024625211234346,0.1920006432302465,0.2224748488966002,CACTCGCTCACTCACTCTAGCTATAGTAGCTCTGCTTGAGCTATAGTATAGATCGCGCGTCTGCTCGCTCATAGTAGCTAGCTAGTCGCTATAGTAGCTCT
lib1_other_seqs_196,0.2244623449418046,0.4691466957372006,0.3252648714163143,0.3231195548414829,0.266661633813007,0.3114307593901603,CGCGCCTATAGTATCGCTTCGCCCTCTCTCCCTATAGTATAGCGCTTCTCGCCCCATATAGTAGCGCGTTTCCCTATAGTATAGGTAGGTAGGTATAAGTA
lib1_other_seqs_197,0.1521045895351151,0.3853627696563812,0.2366528285929566,0.2874092057177812,0.1858723558509986,0.2196552091579644,CGCCCATATAATAGCGCTTCTCGCCCTATAATATAGGTATAGCGCGCGTCTCGCGCTCCCCATATAGTAGCGCGCGCCCATATAGTAGAGCTAAGTATAGC
lib1_other_seqs_198,0.2152304143927438,0.3671048337075188,0.206324602330386,0.2833789063899663,0.1198951742050277,0.2236004452687356,AGATATAGTCTGCTCATATACGCTCTCATACGATATAGTAGCGCGCGCTGCTCATACTAGTGCTCATACAATAGTAGCGCTGCTCACTATAGTAGCTCTCT
lib1_other_seqs_199,0.1845887049390271,0.2665923115152639,0.2350508963087365,0.2867264735198581,0.0976797692573332,0.3316998456800438,CTCCTCTCTATATATAGTCGCGCGCGCCTCTAAATAGTAGGTAGGGCTCCTCTAATAAGTAGCGCGCGCGCGGCTCTATAATAGCGCGCGCCTCTAATTAT
lib1_other_seqs_200,0.1951834709676736,0.4075574596970306,0.3317684434210216,0.2316353029923709,0.2285135831403591,0.3428454191037591,TTAGTAGTCCGCCCTAGTCTGCTATATTAGTAGTCCGCCTAGTATAGTCCGAAGTTACTCTTAGTAGTATCCGCCTAGTTAGTAGTCCGCCCGCCTATTAT
lib1_other_seqs_201,0.0801891673406751,0.286263960775017,0.0850088935436588,0.1278670576759918,0.0538699366609471,0.1437720017391635,TACATAGAATAGAGCTCGCGCGCGCCCATATAATCGCGCGTCTCCCTATAGTCGCGCCTCTCTCGCCCTATATAATCGTGCCCCCATATATAATAGGTAGC
lib1_other_seqs_202,0.4006387526155249,0.5707721484709952,0.3876708510701512,0.4157453274344815,0.3161367384913637,0.4225031660608384,ATAATAGGCTAGTAGGCCCTAGTATCGCCCCTATTACCCTATAGTAAGGCCTAGTAGGGGTCCCCTAGTAACCTAGTATAGTCTTATAGCCTATAGTAAGT
lib1_other_seqs_203,0.2710521776553747,0.44572537960421,0.328575380976595,0.3558021687935983,0.2243928061044524,0.2373903188240668,CCTCTCTCGCTCGCCCTATAGTAGCTCTAAGATAATATCGCTTCTCACCCTATAGTCTTCACCCTATAGTAGGTATCGCGCGCCTCTCGCTATAATATAGC
lib1_other_seqs_204,0.3454222701959982,0.5129186049005627,0.3157788132140435,0.3811901044993559,0.2639693614443077,0.3744599080800478,TCTCAGATATAGATAGTGTAGCTCTCTCTCTCGCTCTGCTCATATACTAGTATAGCGCGCGCTGATCACTATATAGTGAGATAGAGTCGCTCACATAGTAT
lib1_other_seqs_205,0.1932694861814095,0.4078872173903913,0.3018227273277949,0.3483287719002433,0.198920829799828,0.3077674760437631,TCTCGCTCTCTCTCTCGCGCGCTGCTCATATACGCTATAGTATAGCGCGCGCGCGCTCTCTCTGCTCATATACTAGTCTGCTCGCTATATAGTCGCTCTAT
lib1_other_seqs_206,0.3335799782653675,0.4179484488966359,0.2081815745414444,0.2372350775779948,0.2143514815452313,0.3386345114724203,GCCCCTCTAGCTATAGAGAGATAGTATAGGTCGCGCCTAGTAAGGTATAATAAGTTATAATAAGCTATATAATAAGCTTAGAGGCTAATAGGTCCCCTAGT
lib1_other_seqs_207,0.2884014444382695,0.4067220451769779,0.1695679737404375,0.2710135026682441,0.1976789194778687,0.2202588789472258,ATTAGTCCGTCCGCTTTAGTCCGTCTAGTTACTATCAGTAATCGGTCCACTTCGGACCGTCTAGTTAGTAAGTAGTCCGGCTATAGTAGGTATAGTTAGGT
lib1_other_seqs_208,0.085957516531239,0.3007723425066852,0.1526227476870112,0.0518901519458062,0.163039265307003,0.1477261180924915,CGATATAGTCTGATCATACTATAGTAGCGCTGATCATGATATAGTAGCTGATCATATACTAGTATCGCTGATCATACTCGAGATATAGTGATCGATATAGT
lib1_other_seqs_209,0.0728036566293755,0.2887980839084993,0.1803996141084997,0.1505925159419217,0.1481563813703646,0.292421926292419,TGCCCCTATAGTATCGTCTCGCCCCATATAGTCTTCTCTCCCCATATAGTAGTCTCCCTATATAATCGCGCATATAATATAGCGCGTGTCTCGCCCTATAT
lib1_other_seqs_210,0.4012019362128398,0.5292594999818093,0.3180556745593331,0.3811822865765267,0.2753851233761207,0.3783003717907599,CTATAGCTATAGTATAGGCTAGAATTATAGTTAGTAGCCTATAATTAGCTAATTAGCTAGTTAGCTAATTAGTTAGTAAGCCTAGGTCCCCTAGTAAGGGT
lib1_other_seqs_211,0.3765013830513475,0.546276176489534,0.3594410953865022,0.3620460339661055,0.3040738086742031,0.3187655804419166,AGTAGTCCGGCTAGTAAAAGTAGTCCGTCCGCTTTAGTCGGACTAGTTAGTAACTGTAGTTAGTCCGCTATAGGTTAGTATTGGTAGTCGGCCCGTCCATT
lib1_other_seqs_212,0.1173049351321073,0.3454014604295838,0.2951719949288326,0.2053288981884076,0.1682436557304473,0.2919499546557159,CCGCTATAAGTAGTCCGCCCGCCCGCAATAGCTAAGTCTCAATAATCCGCCTATAGTAATAATAGTCCTAATCCGCTATAGTCCGCTATAGTCCGGTAAAT
lib1_other_seqs_213,0.356133588196786,0.543711722800259,0.3589921555016669,0.3869445106092232,0.2885705740945283,0.4424632071005613,GCTCTATAAATAGTAGCGCCCCTCTATCTATAGTCGCGCTTAGTAGCTAAGTAGGGCTAGGTAAGTCGCGCTAGGTCTAGGGCCGCTATATAATTAGTCGT
lib1_other_seqs_214,0.237690302991998,0.4553931701431106,0.3333502264731705,0.2972152843897094,0.2024419425274952,0.3186558982730156,TAGTATTAGCCCGCCTAGTAATTATAGTCCGCTATAGTCCGCCTATTATTAGTAATTAGTCCGCCTAGTATAGTCCGTAGTAAGTATAGTCCGCCCGCCTA
lib1_other_seqs_215,0.3750399566200404,0.5300088539579689,0.3007709208170498,0.3294700962873282,0.2831517579643193,0.3575657966684752,AGTATAGCCTAGTTAGCTATAATAAGTTATAATTAGCTAGTAAGCTCTAGATTAGGGCCTAGTAAGCATAGCTCGCGCCTATATAATAGGTCCCCTAGTAA
lib1_other_seqs_216,0.0176498542773762,0.2824882680931062,0.1522033758463943,0.1636031050936885,0.1405138622855032,0.2215646662873726,ATTATAGGTTCCGCGCGCGCCTATGCCTATAATTAGTCCCGCTCGCGCGCGCCTATAAGTATAATTAGTCCCGCGCCTAGTAGCTCTCGCCTATAGTAAGG
lib1_other_seqs_217,0.3185845892117886,0.4996646842210415,0.2726552004985801,0.3476799625269738,0.2490701558033818,0.3700396050742153,CTATAGTAAGGCCTATAATAAGCTAGTAGGGCTCTCCCCTACTCGCCTAGTAGGGTCTAATTAGTTATAATTAGCTAGTAGCCCCCCTATAGTAAGGCCCC
lib1_other_seqs_218,0.3812330288397862,0.5470389626740633,0.3616605996027937,0.4284632414348905,0.2758687047524016,0.4241711287769785,GGTGCCCCTATATAATAGGTATAGGTCGCTTCTCACCCTATAATAGGTAGCTTATAGTAGCTTCTCCCCATATACTTATAGTACTCACCCTATAGTAGCTA
lib1_other_seqs_219,0.2565647372525457,0.4499015837542491,0.2763146193499162,0.2406833328845749,0.1820863601212719,0.2931762290113765,CTCATACTATAGTCACAGATAGTAGCGCTCTGCTCACTCTATATAGTAGCGCTCAGATATATAGATATATAGTATGCTCACTATAGTAGCTGATCTATATA
lib1_other_seqs_220,0.2383896354846364,0.4840753511044239,0.2920009411916435,0.356689234058396,0.2802564877559285,0.4106619999733185,AAATAGCGCTTCTCTCCCCATATAATATCGCGCCCATATAGTAGCGCCTATAGTAGAGGTAGATATAGGTAGCGCGCGCCCATATAGTAGCGCGCGCCTAT
lib1_other_seqs_221,0.3272542387804306,0.5569893004852828,0.3736860339099546,0.3835876077603258,0.2910250211953096,0.4247253006364366,AGTAGCCCCTAGTAAGATAGTTAGAGTAGGGCCTTAGCTCCCCTATAATTATAATAAGCGTAGGCCCTAGTATAGGTCCCCTAGTATAGCCTCTAGAAAGT
lib1_other_seqs_222,0.0796731446960847,0.3537093550884372,0.2868476918052556,0.2230198788211005,0.2420150063972645,0.2899765824545345,AGCGCTAAATTAGTAGCTCCTATAGTATCGCGCGCCTCTCTATAATATAGCGCCCCTATAATCGCCCCTAATAGGTCCCCTAACTATCTATAGTCGCCGTA
lib1_other_seqs_223,0.2794507974199519,0.4743064081210418,0.3214802675467516,0.3260387375778506,0.2399617946459141,0.2089445955943598,TAGCGAGCTGCTCGCTATAGTAGCGCATAGTAGTCGCGCTCTCGCTATAGTAGCGCGCGCTTACTAGAGTAGAGATAGTAGCTATCGGTCATAGTAGCTAG
lib1_other_seqs_224,0.2124863698241674,0.4291873340872156,0.204431852397799,0.298795905966128,0.1722991193408827,0.238795435964233,ACTAGCTAGATAGCGCGCGCGCATCGCTCTCGATACTCTTAGCTATAGTAGAGCTAATCTAGATAGTAGCTAGCTAGCTAGATATAGATAGCTAGCTAGTT
lib1_other_seqs_225,0.2764324487052736,0.4120153931853538,0.2260464346277424,0.2582283099219148,0.1219298000767,0.2459501356613693,AGTATCGCTGATCATACTATAGTAGCGCTGCTCATATACTATAGTAGCTCAGCTATATAGTCTCTCTGAGCTCACTATAGTCGCTCTCTGCTCACTATATA
lib1_other_seqs_226,0.2366191957135972,0.2383760541031918,0.1275299141742707,0.2343781160140671,0.1265251808222015,0.3836112987354048,GCCCCTAGTAATAGTAGGGCCTATAATAGGTCCCGCGCGCGCCTAGTAGGGCTCGCGCGCGCGCCTATATTATAGGTCCCGCGCGCGCCCCTATAATAAGT
lib1_other_seqs_227,0.2857200470386788,0.4860733006265839,0.2801100702587104,0.3639649660201889,0.2159708759049438,0.3828466727035983,TCCCCTATAATAAGTCCTAGTTAGCTTAGAGCCCCTATAATAGGTCCCCTAATTAGCTAGTAAGCTCTATATTAGGGGTCCTAGTATAGCCCCTAGTAAGG
lib1_other_seqs_228,0.2391343492990722,0.4863123400137465,0.3407708493224125,0.308866648969062,0.3549659246445075,0.4713871219090779,CCCCTATATATAGTCCCCTATAGTCGCCCCTAATAAGTCGCGCCTATAATAAGTCTAGCTTAGTAGGTCGCGCGCTCCTATAGTAGCGCCCCTATAGTAGT
lib1_other_seqs_229,0.0818490529898608,0.3682247041115066,0.26221252024665,0.2030710760721,0.2185231804501421,0.2871367920248112,TACTTAGTCTCGTGCCCCTATAGTATCGCTTCGCCCCATATAATAGCGCGTCCCTATATAATATAGCTTAGAATAGCTCGCTTCACCCTCTCGCCATATAG
lib1_other_seqs_230,0.1377722124902927,0.4092451455080717,0.2421072425941526,0.2615305183450662,0.1596861036429651,0.261251293016522,ATAATAAGTAGTAGTAGCTAAAAGTAGTCCGCCCATAATAGTCCCCCTATAATAGTCCGCTATAGTCCGCTATAGTCCGCCCGCTATAGGTTAGTAATTAG
lib1_other_seqs_231,0.3438664429685563,0.5781580097305665,0.4087317448241843,0.4285372602440269,0.298634267545902,0.3750320434862612,AGTAATTATAGGTAGGGTTGTTAGTAATCCGCCCGCTATAGTCCGCTTAGTAGTCCGCCCTCATTAGTAATAGGTATAGGTTAGTAGTTATAGTTAGGTAT
lib1_other_seqs_232,0.1934477309470963,0.4523030219011728,0.2675172830083818,0.1826870409392258,0.2272624019469473,0.2749030938559181,ATAAATATAGCTAAGTAGCGTCTCCCTATAATATATAGCGCGCATATAGTAGATATATCGCGCCCATATAATTATATAATAAGTAGCGCATATAGTAGCTA
lib1_other_seqs_233,0.3260676034945083,0.4656661041904254,0.201376402072908,0.3035869626177941,0.1985844640111736,0.3359358969361945,AGTATCCTATAATAGGCTAATAGCCCCTAATTAGCTAGTAGGTCCCCTATATATAATAGGTCCTATAATAAGCTAGTAAGGCCTAGTAAGCGTAGGTCCCA
lib1_other_seqs_234,0.2369928420245599,0.4734197372689985,0.2923363348959123,0.3212462862224127,0.1831418028567014,0.3379583906586204,CTCGCTATATAGTAGCTCTCTCTCGCTGCTCATATATATACTATAGTAGCTGATCATATATACTAGTGTCTGATCACATATACTAGTATCGCTCTCTCTAT
lib1_other_seqs_235,0.2863982206797854,0.5365422655505296,0.3759489482469204,0.4220330991558493,0.2821610571868793,0.4572098991029242,TCCCCTAGTAGCCCCTAATCCTATAATTAGTTCTTATCCCCTATATAATAGGTTAGTAAGTCCCCTATAGTTAGCTTATAGGCTAGTAAGTATCGCCCCTA
lib1_other_seqs_236,0.1885238411677736,0.474458010968778,0.282543304963342,0.2924793862545565,0.2160129570586452,0.3100555908401936,TCGCGCCCCTCTATATAGATAGTGATAGTAGGGCCTATAATAAGTTCTAGTAGCCTATAATTAGTTATAGTTAGCTAGTAAGCTAATAGGTCCCGCCTAGT
lib1_other_seqs_237,0.3252050564597938,0.5553676515630376,0.2909195163339345,0.3810957629203277,0.2823161826039017,0.3480127313634401,AATCACGCTAGCTAGCTAGCTATCATCGCTCGCTATAGTAGTATAGTAGATAGCGCGCGCGCTCATAGCTATAGTTAGTAGCATAGTAGCTCTAGCTAGGT
lib1_other_seqs_238,0.2288013633573115,0.51842850303542,0.359459946762008,0.3588192593649161,0.280703754375864,0.4184758008636897,GGTTAGTATAATCCGCCCGCCCGCCCGGTTAGTAAGTAGTCCGCCCTAATCCGCCTAGTTAGTATAATTAGCTTTAGCCCGCCTAGTAAAAGTAGTCCGGT
lib1_other_seqs_239,0.2337341319355743,0.4881950934867899,0.3221427267287389,0.2744049814569247,0.190650431842248,0.2842546172447383,ATAGTAGTTATAGTCCGCCTAGTAACTATAATCGGCCCGCTATAGGCTAGTTAGTAATTATAGTCCGGCTAGTTAATAATTAGCTATAGTAATAGTCCGGT
lib1_other_seqs_240,0.1118689790121343,0.3910398057152425,0.2140355804672603,0.3260486658952006,0.1611467843444923,0.2069083798559753,ATAGCTAGCTAGCTAGGTCTCCTATAATAGCGCTCCTATAATTAGTCGCGCTTAGTCCCCTAATAAGTAGCGCGCGCGCGCTCGCTCGCCTATATAATAAT
lib1_other_seqs_241,0.0211757236263015,0.3439499786051244,0.1737554949074614,0.1116949495061201,0.1490400779717315,0.1569277574117867,TAGTCGCCTCTCACCATATAATATCGCGCGCCCATATAATCGCGTCTCCCCATATAATATAAGTAGCTTATAGTAGCGCATATAGTAGCTAGCTAGGTAGG
lib1_other_seqs_242,0.1465523609585132,0.463592607298337,0.2626291206337068,0.2866051722524468,0.2158452557549881,0.2682133500682964,TCATATAGTAGCTCTGTGCTCTATAGTCGCGCTTAGTAGAGCGCTCTGATAGTATGCGATACGTATTAGCTACTCGCTATAGTAGCTAGCTCTCAGTAGGT
lib1_other_seqs_243,0.4040431108484244,0.6342173082188994,0.4007958331562907,0.4610249080837009,0.313154243412178,0.3916709317278454,TAGTATAGTACTCGCTATAGTAGCTAGCTCATAGTAGCTAAGATAGTAGATATAGCTAGCTAGAGCTAGCTGAGATAGTAGCTCGCGCTAGCTAGATAGTT
lib1_other_seqs_244,0.3743526203729031,0.6141733208636982,0.3513076589404595,0.4201394530190285,0.2980798107856835,0.3927980567069902,CTATAATAGGCTCTAATAAGTCTCGCCTATAATTAGCTAATTAGCTAGAAATAGTAGGTCCCCTATAATTAGAGTTAGTATAGGCTAGTAAGGCCCCTATT
lib1_other_seqs_245,0.2946045731026356,0.5243190019895353,0.2982860244230458,0.362538891084223,0.205732594561376,0.2602252528611439,TAGCTAGCTATTACTAGATAGCTAGATAGATAGAGCGCGCTGATCTCTATAGTATAGCATATATAGTAGCGCTCATATAGTATATAGCTCGCTCTCATAGT
lib1_other_seqs_246,0.2056223705094076,0.5047610750696743,0.2349522855598942,0.3613705945161236,0.2404484898384826,0.3326007403239573,AGTAGCTAGCATAGTAGATAGCGCGCACTATGCGATACGACTATAGTCGCGCATAGTAGAGTCGCTATAGTAGATAGCTCTGTGCTCTATAGTAGCTAGAT
lib1_other_seqs_247,0.2745315337391009,0.5562634357456904,0.2749808654751349,0.3881208941593924,0.2633705579982641,0.3660977633365891,ATAATAGCCCCCCCCTATAGAAAGAGATAGTATAGGCTAATAGGTCCCCTAGTTAGGCCTATAATAGGTCTCGCGCGCCTATAGTAAGGCCTAGTAGGCTT
lib1_other_seqs_248,0.2007141330614906,0.4193387661315478,0.3420455432429813,0.4273572626192189,0.3277029941451974,0.5345999254621241,ACTCCCCTAGTATAGGTCCCCCCTACCCCTATAGTAAGGGTCCCCTAGTAGCTCCCCTAGTAGCTCGCCCCTATAATTAGCTAGTTAGTTAGTATAGGTTC
lib1_other_seqs_249,0.1017605969260105,0.4176283052201859,0.2240567204244245,0.275172001027443,0.126438775320205,0.2127934535207372,TCGCTCTCTCTCTCTGCTCATACGCTAGATATAGTGATCACTCTCATATACTATAGTAGCTCGCGCGCGCTGCTCACTCGATATAGTATAGCTCGCGCTCT
lib1_other_seqs_250,0.323987304128831,0.612214154778154,0.3813477416185054,0.4524863584636461,0.3009965991457285,0.3606997256706389,TAGCTGAGCTCTCTAATAGCTAGCTCTCATATAGTAGTCGCTCACTATAGTAGCTAGAGCTAGCTAGAGCTAGTATAGATAGATAGATAGTAGCTAGATAT
lib1_other_seqs_251,0.2788522477561785,0.5246507024469641,0.2569950382671541,0.3716994977620421,0.1945359465213265,0.2927071035249449,TATCTAGCTAGCTAGCGAGTCTAGCTATAGTAGCTGCGCTACGTATAATAGCGCGCGCAGATATAGTAGCTAGTTGCTCGCCATAGTAGCGCTTAGTAGGT
lib1_other_seqs_252,0.1154388656385991,0.4096388047256064,0.1639511758382994,0.2577053501447048,0.0899548535155654,0.1820866589721951,AGATATATAGTAGCGCTGATCATATACGCTCTCATATACTATAGTAGCTCGCGCAGCTCATATACTATAGTAGCGCGCGCGCTGCTCATACTATAGTAGCT
lib1_other_seqs_253,0.2528732671446668,0.5279861545882711,0.3822235492106799,0.4130615896290213,0.2328399343559642,0.2573549892331715,ACTAGCTAGCTCATATCGCTCTCTAGTTAATATAGCTAGCTAGATATATGCTCTCTACGCATATCGCTATAGTATCGCGCAGATATAGTAGATATAGATAT
lib1_other_seqs_254,0.2802740237984827,0.5925879911368093,0.3612236899667533,0.282756791572633,0.3107347151208191,0.3779148505705892,ATAAATATAGGTATGTATCGCGCCTCTCACCCTATAAAATAGCGCACATAGTAGCTAAGTAGCTAAGTAGCGCGCATATATAATAGCTCGCGCATATAGTA
lib1_other_seqs_255,0.0834601273104142,0.4039662172389893,0.1133238245833194,0.2406956102546372,0.1183210266229454,0.174978373045969,CTATAGATAGTAGCGCGCGCTCATATAGTAGATAGCGCGCGCTCATAGCGCTCTAGTATAGCATAGTAGCTATCATAGTAGCTAGCTCATAGTAGCTAGCT
lib1_other_seqs_256,0.0232972425709634,0.3778824206541273,0.1155269865295858,0.197595104889372,0.1039469639617838,0.1428638067788486,TCTCTCCCCATATAATATAGGTCGCGTCTCTCCCCATATAGTAGCGCCTCTCTCTCGCCCTATAGTAGGTATAGGTCGCGCATATAGTATAGGTAGGTAGC
lib1_other_seqs_257,0.0781556112426001,0.4160611038975045,0.1451687312503257,0.2267406369036707,0.1132598233913387,0.1449582589464634,ATATATCGCTTCCCCCTATATAGTAGCTCGCGCCCATATAATCGCGCATATAGTAGTCCCCATATAAGATAGGTCGCGTGCCCATATAGTATAGGTAGCTA
lib1_other_seqs_258,0.012118320456214,0.3740816727524728,0.0934920326092484,0.1840011351029244,0.1128905840714339,0.1659229436967871,CTATAATAGCTCGCGCCCCTATAATAAGTCCCGCGCGCCTATAATTAGCTAAGAGGTTAGTATCCCCTAGTAGGGCCTAATAGCCCCTATAGTAAGGTAGT
lib1_other_seqs_259,0.3385470152490923,0.6340874875941324,0.4445498576477806,0.4344031199592537,0.3147456864974111,0.5515411640710857,TTGCTAAGTAAGTATTAGTAGTCCGCTATAGTCCGCTATAGGTTAGTATAGTCCGCCCCCCCAGTATAGTTAATAATAGCCCGTAATAGCCCGCTAATTAT
lib1_other_seqs_260,0.149638336391534,0.4726214677024955,0.2165812843261338,0.3179255337616332,0.1622957280451112,0.1993906255731561,TACGCTTCTCACCCTATAGTATAGCTCGCGCCCATATAGTAGCGCCCATATAATAGCGCATATAGTATTAGATAGTAGCGCGCCCATATAGTATAGGTAGG
lib1_other_seqs_261,0.1136160030755038,0.4505107535561014,0.1520100827722139,0.2201160884289788,0.1395823007369237,0.1776759590974635,CTCATATACTAGTCTGATCATATACTATAGTGATCTATAGTGTCGCTGCTCACTATAGCTCACTCTAGTCTGATCTATAGTCAGAGATATAGAGATATAGT
lib1_other_seqs_262,0.1905014136136861,0.4802246136925494,0.2295105907499128,0.3099410355682582,0.114635235209226,0.2451732085955884,AGTAATTAGTCCGCCCGCCTTAGTCCGCTTTAGGCTAGTTACACAATAATCGGACTATTATAGTCCGCTATTAGTAGTCCGCTATAGTCGGCCCGCTTAAT
lib1_other_seqs_263,0.1719882021369873,0.4865749659478486,0.2322824638707836,0.3518333852047841,0.1351983051446955,0.2292689635124415,CCCATATAGTAGCGCTTAGATAGTAGGTATAGAGCTAAGTAGCGCTTCTCCCTATAGTATTCTCCCCATATAATAGCTAGGTATAGCTTATAGTAGGTAGC
lib1_other_seqs_264,0.1161176923266463,0.4648547416763848,0.2225661365192937,0.3307538627131889,0.1316039109852699,0.1943924162481599,CGCCCATATAGTATAGGTAGGTGTAGCTTAGTATATCGCGCGCCTCTCTCTCGCCCTACATATATAATAGCGCTTCTCTCGCCCTATAGTAGCTAGGTAGC
lib1_other_seqs_265,0.1728460134935232,0.512050793804583,0.2271205110495657,0.3608674899684146,0.1591169578297129,0.2463881262538894,TGCGCGCATATAGTAGATATAGCGCGCCTATAGTAGCTTCTCCCCATATAATAGCTAAGTTAGTAGCTTATAGTATCGCGCCCATATAGAATATAGGTAGC
lib1_other_seqs_266,0.1915348360351141,0.5699916622566518,0.2974697405576589,0.4345266461290288,0.2110007984167416,0.2707946281464433,ATAGTCTCAGCTCATACTATAGTATCGCTCTCTCGCGCTCAGCTCACTCTATATATAGTATCGCTCTCTCGCTCTGCTCACTATAGTAGCTCTCTCTCTCT
lib1_other_seqs_267,0.1227469164258945,0.4419920450161444,0.0480166069788058,0.3566582856690892,0.1922160495832971,0.2667592755405307,AAAAATATAGCTCGCCTCTCTCACCCTATAGTCTTCTCACCATATAATAGCTTATAGTCGCCTATAGTAGCTTATATAATAGCGCTTCTCGCTCTCGCTCT
lib1_other_seqs_268,0.3346520027374567,0.6256320151394426,0.3067098446435389,0.419790407897891,0.1957444326727247,0.2930972064312827,TTACTCTTAGTAGCTAGATATAGCTAGCTTAGTAGATAGCGCGCAGATCTCTAGATAGTGCTCACTATAGTAGCTAGCTCAGATATAGTAGCTAGCTAGCT
lib1_other_seqs_269,0.1074224260806207,0.5285638893317365,0.2857387050976396,0.3533667621283423,0.1971003548342899,0.4091796925104481,AGTAGTCCGCCTAAATTATAGTCCGCCCGAATTATAGTCCGCCTAGTTAGTAATAATAGCCCGCCCATATTAGCCCCCCCTAATCCGCCTAGTATAGTTAG
lib1_other_seqs_270,0.2013722746312102,0.5440377828295465,0.1424451509492076,0.3587383772831836,0.1565497441565048,0.3160283289905126,ATAGCGCTCGCTATAGAGCTCGCTATATAGTAGCGCGCGCGCGCGCGCTGATCACGCTATAGTGATATAGTAGCTGATCATATACTAGTAGCAGAGATATA
lib1_other_seqs_271,0.0582654160211766,0.4447031112841864,0.158488695165151,0.3432977670304084,0.0959850532993097,0.1161304682481099,CGCGCTTCTCTCGCCCTCTCGCCCTATATTAGCTAGGTAGATAGGTAGAGGTAGGTAGGTAGCGCGCCCATATAGTAGAGATGTAGCGCGCATATAATAGC
lib1_other_seqs_272,0.1700384386129922,0.5933298291716429,0.2787620787898794,0.3950692584409295,0.1997243888057123,0.2785343788487437,TAGCATAGTAGCTAGCTAGCATAGTAGCTAGCTAGAGCTAGCTAGTCGCTCTCGCTCTCACTCGCTATAGTAGCTTAGTAGATATAGCTAGCTAAGTAGCT
lib1_other_seqs_273,0.1598319560495631,0.5859206912563099,0.2141702670458502,0.3795368281233824,0.1727626734911809,0.2354629333698699,TAGTAGCTATAGTAAGCGCTATAGTAGAGATAGCTCTAGCTTAGTAGAGTCGCTATAGTAGCTAGCTAGCTATAGATAGCTCGCGCTATAGAGCTAGTTAT
lib1_other_seqs_274,0.1771546328680215,0.661917454520805,0.3066635635418356,0.4705411866411668,0.2395144873740298,0.4332789512839029,TAGCTAGCTAGATATAGCTCTCTGCTCTCTCTCTCTCTCTATACTAGCTCAGCTCTCTCTCTATTATATAGCTCGCTCGCTAGCATAGATAGTAGATAGAT
lib1_other_seqs_275,0.02173338333577,0.5214930684132131,0.1086557963424388,0.2933724650009123,0.0122838734802489,0.0788742282281218,GCTAATAGAGATAGTAGCTCGCGCGCTCATATCGCACGCTCTGCGACTATAGTAGTATATAGTATCGCTGTGCGCTATAGTTAGTAGCAGTAGGTAGCTAG
lib1_other_seqs_276,0.3093086049695665,0.8872139872811435,0.3060466513903374,0.5478068524651084,0.5386478232114088,0.5904112375256222,AGTAGCCCCTATAATAAGTCCCCCCCTCGCGCGCGCCTATAGATAAGGCCCTATATAGTAGGTCCCCTATAATAAGTTCTAATAGCCTAGTAAGTCCCCCA
