,miRNA1,miRNA2,miRNA3,miRNA4,miRNA5,miRNA6,miRNA7,miRNA8,miRNA9,miRNA10,target1,target2,target3,target4,target5,target6,target7,target8,target9,target10,oligoseq,HEK293T_3UTR_log10,HEK293T_3UTR_error,HeLa_3UTR_log10,HeLa_3UTR_error,MCF7_3UTR_log10,MCF7_3UTR_error,K562_3UTR_log10,K562_3UTR_error,HepG2_3UTR_log10,HepG2_3UTR_error,SKNSH_3UTR_log10,SKNSH_3UTR_error
miRNA_seed10_1_context1,hsa-miR-10a-5p,hsa-miR-137-3p,hsa-miR-192-5p,hsa-miR-224-5p,hsa-miR-224-5p,hsa-miR-192-5p,hsa-miR-223-3p,hsa-miR-223-3p,hsa-miR-137-3p,hsa-miR-10a-5p,ACAGGGTA,AGCAATAA,TAGGTCAA,TGACTTGA,TGACTTGA,TAGGTCAA,AACTGACA,AACTGACA,AGCAATAA,ACAGGGTA,TTGGAGCACAGGGTACAGCAATAACTAGGTCAAGTGACTTGACTGACTTGACTAGGTCAACAACTGACAAAACTGACAGAGCAATAATACAGGGTATCACT,-0.0893427648434284,0.0301407511128662,-0.0147022632049563,0.0295007624620487,0.0639367324276553,0.0299750648156796,-0.1715150216841186,0.0310639090156149,-0.0714233324080392,0.0302404944883589,0.0130065246004656,0.0307141133887888
miRNA_seed10_2_context1,hsa-miR-122-5p,hsa-miR-214-3p,hsa-miR-214-3p,hsa-miR-224-5p,hsa-miR-224-5p,hsa-miR-10a-5p,hsa-miR-10a-5p,hsa-miR-142-3p,hsa-miR-142-3p,hsa-miR-122-5p,ACACTCCA,CCTGCTGA,CCTGCTGA,TGACTTGA,TGACTTGA,ACAGGGTA,ACAGGGTA,ACACTACA,ACACTACA,ACACTCCA,TTGGAGCACACTCCACCCTGCTGAACCTGCTGAGTGACTTGACTGACTTGACACAGGGTACACAGGGTAAACACTACAGACACTACATACACTCCATCACT,-0.1450373230405321,0.0357016209220411,-0.0631504712431766,0.0341952191960273,0.0851755390299169,0.0352247221815695,-0.4134217324624342,0.0396832002086131,-0.1574262505670417,0.0359672572405575,0.0532716209258791,0.0366147157297946
miRNA_seed10_3_context1,hsa-miR-192-5p,hsa-miR-192-5p,hsa-miR-148a-3p,hsa-miR-34a-3p,hsa-miR-200c-3p,hsa-miR-148a-3p,hsa-miR-199a-5p,hsa-miR-34a-3p,hsa-miR-200c-3p,hsa-miR-199a-5p,TAGGTCAA,TAGGTCAA,TGCACTGA,GCTGATTA,CAGTATTA,TGCACTGA,ACACTGGA,GCTGATTA,CAGTATTA,ACACTGGA,TTGGAGCTAGGTCAACTAGGTCAACTGCACTGAGGCTGATTACCAGTATTACTGCACTGACACACTGGAAGCTGATTAGCAGTATTATACACTGGATCACT,-0.0693168066678435,0.0254856734907294,0.0395442440523696,0.0257553622108082,-0.0285793972763308,0.0255771670410866,-0.0938530335473204,0.0255099905914095,-0.1280922047500467,0.0257790142838061,0.0175734184221895,0.0260605070687393
miRNA_seed10_4_context1,hsa-miR-192-5p,hsa-miR-214-3p,hsa-miR-142-3p,hsa-miR-7-5p,hsa-miR-148a-3p,hsa-miR-142-3p,hsa-miR-192-5p,hsa-miR-214-3p,hsa-miR-7-5p,hsa-miR-148a-3p,TAGGTCAA,CCTGCTGA,ACACTACA,GTCTTCCA,TGCACTGA,ACACTACA,TAGGTCAA,CCTGCTGA,GTCTTCCA,TGCACTGA,TTGGAGCTAGGTCAACCCTGCTGAAACACTACAGGTCTTCCACTGCACTGACACACTACACTAGGTCAAACCTGCTGAGGTCTTCCATTGCACTGATCACT,-0.0645236511596181,0.0394229349848222,0.0056923030254657,0.0387083856212357,0.0403461240031357,0.0391377824313131,-0.4082090312700659,0.0429162969527237,-0.0910676148126975,0.0395097410958939,0.0664672263083847,0.0406477555153795
miRNA_seed10_5_context1,hsa-miR-224-5p,hsa-miR-224-5p,hsa-miR-142-3p,hsa-miR-142-3p,hsa-miR-200c-3p,hsa-miR-200c-3p,hsa-miR-193b-3p,hsa-miR-122-5p,hsa-miR-193b-3p,hsa-miR-122-5p,TGACTTGA,TGACTTGA,ACACTACA,ACACTACA,CAGTATTA,CAGTATTA,GGCCAGTA,ACACTCCA,GGCCAGTA,ACACTCCA,TTGGAGCTGACTTGACTGACTTGAAACACTACAGACACTACACCAGTATTACCAGTATTACGGCCAGTACACACTCCAGGGCCAGTATACACTCCATCACT,0.0033404486121805,0.0342850150997861,-0.0504951392583529,0.0331358149957617,0.0153043193728526,0.0342855840516078,-0.1861565400588735,0.0356293725489164,-0.0307830100655576,0.0344726280109172,0.1287387922931737,0.0352959747669741
miRNA_seed10_6_context1,hsa-miR-223-3p,hsa-miR-223-3p,hsa-miR-200c-3p,hsa-miR-10a-5p,hsa-miR-224-5p,hsa-miR-224-5p,hsa-miR-200c-3p,hsa-miR-193b-3p,hsa-miR-193b-3p,hsa-miR-10a-5p,AACTGACA,AACTGACA,CAGTATTA,ACAGGGTA,TGACTTGA,TGACTTGA,CAGTATTA,GGCCAGTA,GGCCAGTA,ACAGGGTA,TTGGAGCAACTGACACAACTGACAACAGTATTAGACAGGGTACTGACTTGACTGACTTGACCAGTATTAAGGCCAGTAGGGCCAGTATACAGGGTATCACT,-0.1364088127030714,0.0279493582771865,0.0309256967359735,0.027992229049286,-0.0032534180708641,0.0278048923627677,-0.1422617066045611,0.0282680103755416,-0.0892199023676441,0.0279841549808777,0.0284208880878973,0.028440533549937
miRNA_seed10_7_context1,hsa-miR-100-5p,hsa-miR-125b-5p,hsa-miR-100-5p,hsa-miR-122-5p,hsa-miR-224-5p,hsa-miR-224-5p,hsa-miR-125b-5p,hsa-miR-34a-5p,hsa-miR-34a-5p,hsa-miR-122-5p,TACGGGTA,CTCAGGGA,TACGGGTA,ACACTCCA,TGACTTGA,TGACTTGA,CTCAGGGA,CACTGCCA,CACTGCCA,ACACTCCA,TTGGAGCTACGGGTACCTCAGGGAATACGGGTAGACACTCCACTGACTTGACTGACTTGACCTCAGGGAACACTGCCAGCACTGCCATACACTCCATCACT,-0.0321187616589337,0.031915432476174,-0.1203042557569271,0.0321546177547014,0.0591416778844127,0.0318379488211003,-0.0532324001081763,0.0323314452100961,-0.0965863635436208,0.0321546821089734,-0.1481645107730808,0.0330384070988877
miRNA_seed10_8_context1,hsa-miR-200c-3p,hsa-miR-125b-5p,hsa-miR-200c-3p,hsa-miR-122-5p,hsa-miR-122-5p,hsa-miR-125b-5p,hsa-miR-100-5p,hsa-miR-224-5p,hsa-miR-224-5p,hsa-miR-100-5p,CAGTATTA,CTCAGGGA,CAGTATTA,ACACTCCA,ACACTCCA,CTCAGGGA,TACGGGTA,TGACTTGA,TGACTTGA,TACGGGTA,TTGGAGCCAGTATTACCTCAGGGAACAGTATTAGACACTCCACACACTCCACCTCAGGGACTACGGGTACTGACTTGAGTGACTTGATTACGGGTATCACT,-0.1020666812100614,0.033857222678575,-0.2539015241506935,0.0357226169160217,-0.0902930338795239,0.0338327789044551,-0.0519913215497839,0.0339969378508797,-0.101955641565765,0.0339086673006765,-0.2687260383319896,0.0363156808866407
miRNA_seed10_9_context1,hsa-miR-200c-3p,hsa-miR-192-5p,hsa-miR-17-3p,hsa-miR-126-3p,hsa-miR-200c-3p,hsa-miR-126-3p,hsa-miR-214-3p,hsa-miR-17-3p,hsa-miR-192-5p,hsa-miR-214-3p,CAGTATTA,TAGGTCAA,ACTGCAGA,CGGTACGA,CAGTATTA,CGGTACGA,CCTGCTGA,ACTGCAGA,TAGGTCAA,CCTGCTGA,TTGGAGCCAGTATTACTAGGTCAAAACTGCAGAGCGGTACGACCAGTATTACCGGTACGACCCTGCTGAAACTGCAGAGTAGGTCAATCCTGCTGATCACT,-0.0171666997472392,0.0311153816500241,0.1470364765645778,0.0316907898154793,0.0229889081114142,0.0310336977869193,0.0098307048827422,0.0316485130744721,-0.0454747017284989,0.0311873938771838,0.1278755057865697,0.0317631220837832
miRNA_seed10_10_context1,hsa-miR-192-5p,hsa-miR-214-3p,hsa-miR-192-5p,hsa-miR-21-3p,hsa-miR-200c-3p,hsa-miR-17-3p,hsa-miR-200c-3p,hsa-miR-21-3p,hsa-miR-214-3p,hsa-miR-17-3p,TAGGTCAA,CCTGCTGA,TAGGTCAA,TGGTGTTA,CAGTATTA,ACTGCAGA,CAGTATTA,TGGTGTTA,CCTGCTGA,ACTGCAGA,TTGGAGCTAGGTCAACCCTGCTGAATAGGTCAAGTGGTGTTACCAGTATTACACTGCAGACCAGTATTACTGGTGTTAGCCTGCTGATACTGCAGATCACT,0.0204700835658312,0.0242741809023995,0.1622748693745047,0.0245209558378831,0.0655116798044147,0.0244041735811867,0.0720599738533466,0.0249337110342132,-0.0593244093489021,0.0246412430856269,0.1398471185402083,0.0249237905032084
miRNA_seed10_11_context1,hsa-miR-141-3p,hsa-miR-137-3p,hsa-miR-22-3p,hsa-miR-34a-3p,hsa-miR-34a-3p,hsa-miR-141-3p,hsa-miR-137-3p,hsa-miR-22-3p,hsa-miR-224-5p,hsa-miR-224-5p,CAGTGTTA,AGCAATAA,GGCAGCTA,GCTGATTA,GCTGATTA,CAGTGTTA,AGCAATAA,GGCAGCTA,TGACTTGA,TGACTTGA,TTGGAGCCAGTGTTACAGCAATAACGGCAGCTAGGCTGATTACGCTGATTACCAGTGTTACAGCAATAACGGCAGCTAGTGACTTGATTGACTTGATCACT,0.0126686581987699,0.0496033267492152,0.1045465544580304,0.0523156897705694,-0.007161971314322,0.0488507151595433,0.0040245757713401,0.0505582700133221,-0.0861985261444326,0.0493824639820303,0.114130326375422,0.0514424570673398
miRNA_seed10_12_context1,hsa-miR-224-5p,hsa-miR-34a-3p,hsa-miR-22-3p,hsa-miR-214-3p,hsa-miR-200c-3p,hsa-miR-200c-3p,hsa-miR-214-3p,hsa-miR-34a-3p,hsa-miR-22-3p,hsa-miR-224-5p,TGACTTGA,GCTGATTA,GGCAGCTA,CCTGCTGA,CAGTATTA,CAGTATTA,CCTGCTGA,GCTGATTA,GGCAGCTA,TGACTTGA,TTGGAGCTGACTTGACGCTGATTAAGGCAGCTAGCCTGCTGACCAGTATTACCAGTATTACCCTGCTGAAGCTGATTAGGGCAGCTATTGACTTGATCACT,-0.0071057293932921,0.0239630831546423,0.1710594744863518,0.0241187714316249,0.0194582500645692,0.0240675013538986,0.0622728152663566,0.0244914211377508,-0.05469433108152,0.0241769407569691,0.1417753677925081,0.0244359485057344
miRNA_seed10_13_context1,hsa-miR-31-3p,hsa-miR-142-3p,hsa-miR-221-3p,hsa-miR-142-3p,hsa-miR-122-5p,hsa-miR-31-5p,hsa-miR-221-3p,hsa-miR-122-5p,hsa-miR-31-5p,hsa-miR-31-3p,GCATAGCA,ACACTACA,ATGTAGCA,ACACTACA,ACACTCCA,TCTTGCCA,ATGTAGCA,ACACTCCA,TCTTGCCA,GCATAGCA,TTGGAGCGCATAGCACACACTACAAATGTAGCAGACACTACACACACTCCACTCTTGCCACATGTAGCAAACACTCCAGTCTTGCCACGCATAGCATCACT,-0.0788963856062356,0.0302116707778357,-0.2048054513497616,0.0321610704686383,0.0156543766320963,0.0301424697008392,-0.4823341356215617,0.034127206615004,-0.0674220328864871,0.0303479093923381,0.0359531308669356,0.0309988804680465
miRNA_seed10_14_context1,hsa-miR-885-5p,hsa-miR-221-3p,hsa-miR-142-3p,hsa-miR-221-3p,hsa-miR-214-3p,hsa-miR-885-5p,hsa-miR-214-3p,hsa-miR-31-5p,hsa-miR-142-3p,hsa-miR-31-5p,GTAATGGA,ATGTAGCA,ACACTACA,ATGTAGCA,CCTGCTGA,GTAATGGA,CCTGCTGA,TCTTGCCA,ACACTACA,TCTTGCCA,TTGGAGCGTAATGGACATGTAGCAAACACTACAGATGTAGCACCCTGCTGACGTAATGGACCCTGCTGAATCTTGCCAGACACTACATTCTTGCCATCACT,0.0288292389937555,0.0355489116225416,-0.237486943360631,0.0382270376029204,0.0564869735867816,0.0355003565568578,-0.2072577562595351,0.0372459327559452,0.0467199648738119,0.0357082584691792,0.1763950778680738,0.0362886217842564
miRNA_seed10_15_context1,hsa-miR-218-5p,hsa-miR-221-3p,hsa-miR-31-3p,hsa-miR-221-3p,hsa-miR-885-5p,hsa-miR-885-5p,hsa-miR-223-3p,hsa-miR-218-5p,hsa-miR-223-3p,hsa-miR-31-3p,AAGCACAA,ATGTAGCA,GCATAGCA,ATGTAGCA,GTAATGGA,GTAATGGA,AACTGACA,AAGCACAA,AACTGACA,GCATAGCA,TTGGAGCAAGCACAACATGTAGCAAGCATAGCAGATGTAGCACGTAATGGACGTAATGGACAACTGACAAAAGCACAAGAACTGACACGCATAGCATCACT,-0.3255171734063146,0.0374124951783448,-0.0982063735130331,0.0356644797254562,0.0580398973379637,0.036027759817561,-0.1166256397531507,0.0357072796646063,-0.1259869124856196,0.0365884827680643,-0.1552310490170637,0.0379083536094169
miRNA_seed10_16_context1,hsa-miR-200c-3p,hsa-miR-34a-3p,hsa-miR-34a-3p,hsa-miR-192-5p,hsa-miR-200c-3p,hsa-miR-142-3p,hsa-miR-218-5p,hsa-miR-142-3p,hsa-miR-218-5p,hsa-miR-192-5p,CAGTATTA,GCTGATTA,GCTGATTA,TAGGTCAA,CAGTATTA,ACACTACA,AAGCACAA,ACACTACA,AAGCACAA,TAGGTCAA,TTGGAGCCAGTATTACGCTGATTAAGCTGATTAGTAGGTCAACCAGTATTACACACTACACAAGCACAAAACACTACAGAAGCACAATTAGGTCAATCACT,-0.0568908746543435,0.0340504654708856,0.0282838757891734,0.0342366200024691,-0.0385804799332364,0.0340471547713293,-0.3236329084087475,0.0368967488268607,-0.1310238814624097,0.034347221715034,-0.0302350373520313,0.0343417147220904
miRNA_seed10_17_context1,hsa-miR-342-3p,hsa-miR-342-3p,hsa-miR-200c-3p,hsa-miR-142-3p,hsa-miR-218-5p,hsa-miR-142-3p,hsa-miR-218-5p,hsa-miR-200c-3p,hsa-miR-192-5p,hsa-miR-192-5p,GTGTGAGA,GTGTGAGA,CAGTATTA,ACACTACA,AAGCACAA,ACACTACA,AAGCACAA,CAGTATTA,TAGGTCAA,TAGGTCAA,TTGGAGCGTGTGAGACGTGTGAGAACAGTATTAGACACTACACAAGCACAACACACTACACAAGCACAAACAGTATTAGTAGGTCAATTAGGTCAATCACT,-0.1305140953549474,0.0362892531414638,-0.0158719669961998,0.0350352305049776,-0.0148063324231864,0.0360014130675905,-0.3986303276693417,0.0395741772577881,-0.1772440046772346,0.036589276015705,-0.0590806617069128,0.0362545240929333
miRNA_seed10_18_context1,hsa-miR-218-5p,hsa-miR-218-5p,hsa-miR-126-3p,hsa-miR-7-5p,hsa-miR-329-3p,hsa-miR-192-5p,hsa-miR-126-3p,hsa-miR-7-5p,hsa-miR-329-3p,hsa-miR-192-5p,AAGCACAA,AAGCACAA,CGGTACGA,GTCTTCCA,GGTGTGTA,TAGGTCAA,CGGTACGA,GTCTTCCA,GGTGTGTA,TAGGTCAA,TTGGAGCAAGCACAACAAGCACAAACGGTACGAGGTCTTCCACGGTGTGTACTAGGTCAACCGGTACGAAGTCTTCCAGGGTGTGTATTAGGTCAATCACT,-0.1055402170595254,0.0322825975600947,-0.0089826195387877,0.0315864891702379,-0.0237293401172648,0.0322195643100917,-0.1289354644125293,0.0322018909798401,-0.1346517740711107,0.0325936857252357,0.0354082252586101,0.0331195853342805
miRNA_seed10_19_context1,hsa-miR-142-3p,hsa-miR-31-5p,hsa-miR-122-5p,hsa-miR-193b-3p,hsa-miR-196a-5p,hsa-miR-31-5p,hsa-miR-142-3p,hsa-miR-196a-5p,hsa-miR-193b-3p,hsa-miR-122-5p,ACACTACA,TCTTGCCA,ACACTCCA,GGCCAGTA,ACTACCTA,TCTTGCCA,ACACTACA,ACTACCTA,GGCCAGTA,ACACTCCA,TTGGAGCACACTACACTCTTGCCAAACACTCCAGGGCCAGTACACTACCTACTCTTGCCACACACTACAAACTACCTAGGGCCAGTATACACTCCATCACT,-0.0173828196450429,0.037618946335862,-0.3112470047762797,0.0403898594298819,0.0036907444529319,0.037527755814723,-0.2840760989602002,0.0408619605019941,-0.0087344907883237,0.0377361329634205,0.0972050110707075,0.0389617242861102
miRNA_seed10_20_context1,hsa-miR-31-5p,hsa-miR-192-5p,hsa-miR-34a-3p,hsa-miR-192-5p,hsa-miR-34a-3p,hsa-miR-31-5p,hsa-miR-196a-5p,hsa-miR-196a-5p,hsa-miR-193b-3p,hsa-miR-193b-3p,TCTTGCCA,TAGGTCAA,GCTGATTA,TAGGTCAA,GCTGATTA,TCTTGCCA,ACTACCTA,ACTACCTA,GGCCAGTA,GGCCAGTA,TTGGAGCTCTTGCCACTAGGTCAAAGCTGATTAGTAGGTCAACGCTGATTACTCTTGCCACACTACCTAAACTACCTAGGGCCAGTACGGCCAGTATCACT,-0.0282507312027252,0.0250899654212956,0.016515192399485,0.0251917268489364,0.0486159617202451,0.0251239565613008,0.0116417384269972,0.0256691224956225,-0.0440700639331103,0.0252760033334631,0.1309554309627241,0.0256435065475316
miRNA_seed10_21_context1,hsa-miR-329-3p,hsa-miR-205-5p,hsa-miR-193b-3p,hsa-miR-96-5p,hsa-miR-205-5p,hsa-miR-196a-5p,hsa-miR-329-3p,hsa-miR-96-5p,hsa-miR-196a-5p,hsa-miR-193b-3p,GGTGTGTA,ATGAAGGA,GGCCAGTA,GTGCCAAA,ATGAAGGA,ACTACCTA,GGTGTGTA,GTGCCAAA,ACTACCTA,GGCCAGTA,TTGGAGCGGTGTGTACATGAAGGAAGGCCAGTAGGTGCCAAACATGAAGGACACTACCTACGGTGTGTAAGTGCCAAAGACTACCTACGGCCAGTATCACT,-0.0886093208122937,0.0262443286002396,0.0893192719457134,0.0267176293539286,0.0706004015345143,0.0261172002616748,-0.0410738737735332,0.0266491725208374,-0.1170125754205271,0.0264965937050814,0.0947819127802769,0.0268733638698582
miRNA_seed10_22_context1,hsa-miR-100-5p,hsa-miR-31-5p,hsa-miR-494-3p,hsa-miR-494-3p,hsa-miR-122-5p,hsa-miR-100-5p,hsa-miR-218-5p,hsa-miR-218-5p,hsa-miR-31-5p,hsa-miR-122-5p,TACGGGTA,TCTTGCCA,ATGTTTCA,ATGTTTCA,ACACTCCA,TACGGGTA,AAGCACAA,AAGCACAA,TCTTGCCA,ACACTCCA,TTGGAGCTACGGGTACTCTTGCCAAATGTTTCAGATGTTTCACACACTCCACTACGGGTACAAGCACAAAAAGCACAAGTCTTGCCATACACTCCATCACT,-0.0411574583275135,0.0312455878991061,-0.3158745350351046,0.0335046705723273,0.0516806338777073,0.031188642247549,-0.0839050514251941,0.0313518152892922,-0.0432240351105074,0.0314115636318733,0.0169901583747634,0.0320408885574231
miRNA_seed10_23_context1,hsa-miR-221-3p,hsa-miR-218-5p,hsa-miR-125b-5p,hsa-miR-214-3p,hsa-miR-221-3p,hsa-miR-218-5p,hsa-miR-494-3p,hsa-miR-494-3p,hsa-miR-125b-5p,hsa-miR-214-3p,ATGTAGCA,AAGCACAA,CTCAGGGA,CCTGCTGA,ATGTAGCA,AAGCACAA,ATGTTTCA,ATGTTTCA,CTCAGGGA,CCTGCTGA,TTGGAGCATGTAGCACAAGCACAAACTCAGGGAGCCTGCTGACATGTAGCACAAGCACAACATGTTTCAAATGTTTCAGCTCAGGGATCCTGCTGATCACT,-0.2999496116940596,0.0315048778480692,-0.1280949104620309,0.031229905939854,-0.0698498589426988,0.0309348919661196,-0.2436181824069089,0.0325991778517743,-0.2668214230458045,0.0316278078445967,-0.4179628111920971,0.0343240428367445
miRNA_seed10_24_context1,hsa-miR-125b-5p,hsa-miR-205-5p,hsa-miR-221-3p,hsa-miR-494-3p,hsa-miR-194-5p,hsa-miR-125b-5p,hsa-miR-194-5p,hsa-miR-221-3p,hsa-miR-205-5p,hsa-miR-494-3p,CTCAGGGA,ATGAAGGA,ATGTAGCA,ATGTTTCA,CTGTTACA,CTCAGGGA,CTGTTACA,ATGTAGCA,ATGAAGGA,ATGTTTCA,TTGGAGCCTCAGGGACATGAAGGAAATGTAGCAGATGTTTCACCTGTTACACCTCAGGGACCTGTTACAAATGTAGCAGATGAAGGATATGTTTCATCACT,0.0261610207719814,0.0367755410787454,0.1440783732273686,0.0377975432473183,0.0479089306350089,0.0366053772621189,0.0574561554011964,0.0377865497308659,-0.0150606562467339,0.0368330901869938,0.0494101125225668,0.037679660355214
miRNA_seed10_25_context1,hsa-miR-192-5p,hsa-miR-192-5p,hsa-miR-9-5p,hsa-miR-223-3p,hsa-miR-223-3p,hsa-miR-218-5p,hsa-miR-200c-3p,hsa-miR-200c-3p,hsa-miR-9-5p,hsa-miR-218-5p,TAGGTCAA,TAGGTCAA,ACCAAAGA,AACTGACA,AACTGACA,AAGCACAA,CAGTATTA,CAGTATTA,ACCAAAGA,AAGCACAA,TTGGAGCTAGGTCAACTAGGTCAAAACCAAAGAGAACTGACACAACTGACACAAGCACAACCAGTATTAACAGTATTAGACCAAAGATAAGCACAATCACT,-0.0852725049712344,0.0361102327192585,0.0056360871095007,0.0355845060951962,-0.0014853483224041,0.0359538440467447,-0.19575174934926,0.0377322334841811,-0.102086459258624,0.0363241380129137,-0.0812149166757134,0.0364810224342472
miRNA_seed10_26_context1,hsa-miR-218-5p,hsa-miR-21-3p,hsa-miR-126-3p,hsa-miR-200c-3p,hsa-miR-218-5p,hsa-miR-146a-5p,hsa-miR-126-3p,hsa-miR-21-3p,hsa-miR-200c-3p,hsa-miR-146a-5p,AAGCACAA,TGGTGTTA,CGGTACGA,CAGTATTA,AAGCACAA,AGTTCTCA,CGGTACGA,TGGTGTTA,CAGTATTA,AGTTCTCA,TTGGAGCAAGCACAACTGGTGTTAACGGTACGAGCAGTATTACAAGCACAACAGTTCTCACCGGTACGACTGGTGTTAGCAGTATTATAGTTCTCATCACT,-0.0409264538370975,0.0295295892283454,0.0827738216658481,0.0303129273422655,-0.0652971169531012,0.0297627019187075,-0.1941526318222715,0.0308561147878113,-0.0468836854162559,0.0297010937801019,0.1100018776570071,0.030352273148427
miRNA_seed10_27_context1,hsa-miR-23a-3p,hsa-miR-200c-3p,hsa-miR-122-5p,hsa-miR-23a-3p,hsa-miR-329-3p,hsa-miR-122-5p,hsa-miR-329-3p,hsa-miR-205-5p,hsa-miR-205-5p,hsa-miR-200c-3p,AATGTGAA,CAGTATTA,ACACTCCA,AATGTGAA,GGTGTGTA,ACACTCCA,GGTGTGTA,ATGAAGGA,ATGAAGGA,CAGTATTA,TTGGAGAATGTGAATCCAGTATTACACACTCCAAATGTGAAGCGGTGTGTACACACTCCACGGTGTGTAAATGAAGGAGATGAAGGATCAGTATTATCACT,0.053375871096905,0.0281794488576172,0.2171942954765119,0.0283312911707684,0.0626484417027349,0.0282909735299576,0.0922152544577066,0.0288774847514959,-0.0766415118954551,0.02856597354801,0.1487579403261106,0.0288865795948528
miRNA_seed10_28_context1,hsa-miR-34a-3p,hsa-miR-200c-3p,hsa-miR-122-5p,hsa-miR-200c-3p,hsa-miR-223-3p,hsa-miR-34a-3p,hsa-miR-23a-3p,hsa-miR-122-5p,hsa-miR-223-3p,hsa-miR-23a-3p,GCTGATTA,CAGTATTA,ACACTCCA,CAGTATTA,AACTGACA,GCTGATTA,AATGTGAA,ACACTCCA,AACTGACA,AATGTGAA,TTGGAGCGCTGATTACCAGTATTACACACTCCAGCAGTATTACAACTGACACGCTGATTACTCAATGTGAATAACACTCCAGAACTGACAAATGTGAAACT,0.0317209399286672,0.0341435114628231,0.0582228066436928,0.03526048245297,0.0118324751812516,0.0343491761363284,0.0387748696628743,0.0354528379628001,0.0230913627558408,0.034411623836428,0.1483342578571612,0.0352545007041493
miRNA_seed10_29_context1,hsa-miR-23a-3p,hsa-miR-146a-5p,hsa-miR-146a-5p,hsa-miR-200c-3p,hsa-miR-34a-3p,hsa-miR-122-5p,hsa-miR-122-5p,hsa-miR-200c-3p,hsa-miR-34a-3p,hsa-miR-23a-3p,AATGTGAA,AGTTCTCA,AGTTCTCA,CAGTATTA,GCTGATTA,ACACTCCA,ACACTCCA,CAGTATTA,GCTGATTA,AATGTGAA,TTGGAGAATGTGAATCAGTTCTCAAAGTTCTCAGCAGTATTACGCTGATTACACACTCCACACACTCCAACAGTATTAGGCTGATTACTCAATGTGAAACT,0.0130436386233562,0.0309401142395627,0.2156681849225804,0.0311087046259705,0.031548261184885,0.0309851368616863,0.0624612171364432,0.0318070210530317,-0.0301486598665927,0.0311454559767724,0.1984471235143676,0.0314020918504017
miRNA_seed10_30_context1,hsa-miR-193b-3p,hsa-miR-148a-3p,hsa-miR-130a-3p,hsa-miR-148a-3p,hsa-miR-199a-5p,hsa-miR-199a-5p,hsa-miR-22-3p,hsa-miR-22-3p,hsa-miR-130a-3p,hsa-miR-193b-3p,GGCCAGTA,TGCACTGA,TTGCACTA,TGCACTGA,ACACTGGA,ACACTGGA,GGCAGCTA,GGCAGCTA,TTGCACTA,GGCCAGTA,TTGGAGCGGCCAGTACTGCACTGAATTGCACTAGTGCACTGACACACTGGACACACTGGACGGCAGCTAAGGCAGCTAGTTGCACTACGGCCAGTATCACT,-0.0238955479324788,0.0273502448711204,0.0980997413090901,0.0280213758869473,0.0515768925511346,0.0273976042499782,-0.0694988700420495,0.0280558243141084,-0.0650317654808078,0.0276566673363426,0.1239739989075962,0.0281160364297829
miRNA_seed10_31_context1,hsa-miR-9-5p,hsa-miR-329-3p,hsa-miR-329-3p,hsa-miR-224-5p,hsa-miR-34a-5p,hsa-miR-9-5p,hsa-miR-200c-3p,hsa-miR-34a-5p,hsa-miR-224-5p,hsa-miR-200c-3p,ACCAAAGA,GGTGTGTA,GGTGTGTA,TGACTTGA,CACTGCCA,ACCAAAGA,CAGTATTA,CACTGCCA,TGACTTGA,CAGTATTA,TTGGAGCACCAAAGACGGTGTGTAAGGTGTGTAGTGACTTGACCACTGCCACACCAAAGACCAGTATTAACACTGCCAGTGACTTGATCAGTATTATCACT,-0.080907404414604,0.0311880240856278,0.1183282844510014,0.0318653257194265,-0.0220573223693203,0.031160658954362,-0.060924012680944,0.0315317756285386,-0.1328274589318763,0.0314672614349094,0.0746320406582819,0.0320530402030225
miRNA_seed10_32_context1,hsa-miR-141-3p,hsa-miR-27a-3p,hsa-miR-24-3p,hsa-miR-34a-5p,hsa-miR-34a-3p,hsa-miR-34a-5p,hsa-miR-34a-3p,hsa-miR-24-3p,hsa-miR-141-3p,hsa-miR-27a-3p,CAGTGTTA,ACTGTGAA,CTGAGCCA,CACTGCCA,GCTGATTA,CACTGCCA,GCTGATTA,CTGAGCCA,CAGTGTTA,ACTGTGAA,TTGGAGCCAGTGTTACACTGTGAAACTGAGCCAGCACTGCCACGCTGATTACCACTGCCACGCTGATTAACTGAGCCAGCAGTGTTATACTGTGAATCACT,-0.085573690456385,0.0329534907154481,-0.4429645712484401,0.0348314765560298,-0.01716238868136,0.0327841209738878,0.0194299793413235,0.0335155114770337,-0.4510947140610503,0.0344793807669637,-0.2309661850097152,0.0346819139810961
miRNA_seed10_33_context1,hsa-miR-378a-3p,hsa-miR-34a-3p,hsa-miR-10a-5p,hsa-miR-10a-5p,hsa-miR-192-5p,hsa-miR-122-5p,hsa-miR-192-5p,hsa-miR-122-5p,hsa-miR-378a-3p,hsa-miR-34a-3p,AGTCCAGA,GCTGATTA,ACAGGGTA,ACAGGGTA,TAGGTCAA,ACACTCCA,TAGGTCAA,ACACTCCA,AGTCCAGA,GCTGATTA,TTGGAGCAGTCCAGACGCTGATTACACAGGGTAGACAGGGTACTAGGTCAACACACTCCACTAGGTCAAAACACTCCAGAGTCCAGACGCTGATTATCACT,0.0714095863173493,0.0322693883569869,0.1294853501951799,0.0332475147611191,0.0786115519276866,0.032401381449955,0.0265603882388202,0.0334537847519204,0.0081083168056483,0.0325907084468792,0.0910286615582941,0.0336514691795577
miRNA_seed10_34_context1,hsa-miR-203a-3p,hsa-miR-126-3p,hsa-miR-223-3p,hsa-miR-329-3p,hsa-miR-9-5p,hsa-miR-9-5p,hsa-miR-223-3p,hsa-miR-126-3p,hsa-miR-329-3p,hsa-miR-203a-3p,CATTTCAA,CGGTACGA,AACTGACA,GGTGTGTA,ACCAAAGA,ACCAAAGA,AACTGACA,CGGTACGA,GGTGTGTA,CATTTCAA,TTGGAGCCATTTCAACCGGTACGAAAACTGACAGGGTGTGTACACCAAAGACACCAAAGACAACTGACAACGGTACGAGGGTGTGTATCATTTCAATCACT,-0.0132444271536256,0.0488979690342041,-0.0040305335051673,0.0468700354525058,0.0256510086105651,0.0482005673748709,-0.1897054898925504,0.0491933117786127,-0.0288129559590575,0.0487165438535541,0.0667805582073237,0.0503207242598915
miRNA_seed10_35_context1,hsa-miR-141-3p,hsa-miR-193b-3p,hsa-miR-22-3p,hsa-miR-22-3p,hsa-miR-141-3p,hsa-miR-130a-3p,hsa-miR-130a-3p,hsa-miR-193b-3p,hsa-miR-329-3p,hsa-miR-329-3p,CAGTGTTA,GGCCAGTA,GGCAGCTA,GGCAGCTA,CAGTGTTA,TTGCACTA,TTGCACTA,GGCCAGTA,GGTGTGTA,GGTGTGTA,TTGGAGCCAGTGTTACGGCCAGTAAGGCAGCTAGGGCAGCTACCAGTGTTACTTGCACTACTTGCACTAAGGCCAGTAGGGTGTGTACGGTGTGTATCACT,0.0255334617521975,0.0392292164805739,0.1789264967465844,0.0400333344196413,0.0393959057659445,0.0389075144350117,-0.0133549359684784,0.039557301071388,-0.1180445260048841,0.0391626923922644,0.1331426531720592,0.0401503162220546
miRNA_seed10_36_context1,hsa-miR-122-5p,hsa-miR-21-5p,hsa-miR-17-3p,hsa-miR-378a-3p,hsa-miR-378a-3p,hsa-miR-21-5p,hsa-let-7a-5p,hsa-miR-17-3p,hsa-miR-122-5p,hsa-let-7a-5p,ACACTCCA,ATAAGCTA,ACTGCAGA,AGTCCAGA,AGTCCAGA,ATAAGCTA,CTACCTCA,ACTGCAGA,ACACTCCA,CTACCTCA,TTGGAGCACACTCCACATAAGCTAAACTGCAGAGAGTCCAGACAGTCCAGACATAAGCTACCTACCTCAAACTGCAGAGACACTCCATCTACCTCATCACT,-0.1096826029913307,0.0399724080863169,-0.8059463536631721,0.0488907612751012,-0.1528256761990499,0.0401983861724399,-0.0445222282340822,0.0401049031519926,-0.314552045957395,0.041259389665739,-0.571634858990317,0.0477048893393558
miRNA_seed10_37_context1,hsa-miR-342-3p,hsa-miR-17-3p,hsa-miR-10a-5p,hsa-miR-10a-5p,hsa-miR-100-5p,hsa-miR-100-5p,hsa-miR-17-3p,hsa-miR-342-3p,hsa-miR-34a-3p,hsa-miR-34a-3p,GTGTGAGA,ACTGCAGA,ACAGGGTA,ACAGGGTA,TACGGGTA,TACGGGTA,ACTGCAGA,GTGTGAGA,GCTGATTA,GCTGATTA,TTGGAGCGTGTGAGACACTGCAGAAACAGGGTAGACAGGGTACTACGGGTACTACGGGTACACTGCAGAAGTGTGAGAGGCTGATTACGCTGATTATCACT,0.0050644710174063,0.0289836525060166,0.1099748051791384,0.029728666171991,0.0622123469290347,0.028998616081192,0.0523065107058925,0.0297437318588498,-0.0584650441844936,0.0292133825201535,0.1024616852152335,0.0298237221029656
miRNA_seed10_38_context1,hsa-miR-329-3p,hsa-miR-27a-3p,hsa-miR-137-3p,hsa-miR-192-5p,hsa-miR-27a-3p,hsa-miR-7-5p,hsa-miR-7-5p,hsa-miR-192-5p,hsa-miR-329-3p,hsa-miR-137-3p,GGTGTGTA,ACTGTGAA,AGCAATAA,TAGGTCAA,ACTGTGAA,GTCTTCCA,GTCTTCCA,TAGGTCAA,GGTGTGTA,AGCAATAA,TTGGAGCGGTGTGTACACTGTGAAAAGCAATAAGTAGGTCAACACTGTGAACGTCTTCCACGTCTTCCAATAGGTCAAGGGTGTGTATAGCAATAATCACT,-0.4198870704480952,0.0361445353367741,-0.1488818202990039,0.0358979875565179,-0.1900574659773612,0.0353515719023749,-0.1438729389635826,0.0348304466568826,-0.482482038636109,0.037380680850298,-0.2452618457564417,0.0374402707883317
miRNA_seed10_39_context1,hsa-miR-200c-3p,hsa-miR-17-3p,hsa-miR-214-3p,hsa-miR-130a-3p,hsa-miR-200c-3p,hsa-miR-130a-3p,hsa-miR-214-3p,hsa-miR-17-3p,hsa-miR-9-5p,hsa-miR-9-5p,CAGTATTA,ACTGCAGA,CCTGCTGA,TTGCACTA,CAGTATTA,TTGCACTA,CCTGCTGA,ACTGCAGA,ACCAAAGA,ACCAAAGA,TTGGAGCCAGTATTACACTGCAGAACCTGCTGAGTTGCACTACCAGTATTACTTGCACTACCCTGCTGAAACTGCAGAGACCAAAGATACCAAAGATCACT,-0.1149008904338214,0.0297021677225146,0.1528861206632107,0.0298946880909235,0.034753081334555,0.0295123520087957,-0.2377156350121864,0.0315503432370121,-0.0192128648857983,0.0296438395817512,0.0945079413615982,0.0304257834730902
miRNA_seed10_40_context1,hsa-miR-378a-3p,hsa-miR-9-5p,hsa-miR-27a-3p,hsa-miR-27a-3p,hsa-miR-192-5p,hsa-let-7a-5p,hsa-miR-192-5p,hsa-miR-378a-3p,hsa-let-7a-5p,hsa-miR-9-5p,AGTCCAGA,ACCAAAGA,ACTGTGAA,ACTGTGAA,TAGGTCAA,CTACCTCA,TAGGTCAA,AGTCCAGA,CTACCTCA,ACCAAAGA,TTGGAGCAGTCCAGACACCAAAGAAACTGTGAAGACTGTGAACTAGGTCAACCTACCTCACTAGGTCAAAAGTCCAGAGCTACCTCATACCAAAGATCACT,0.0055519613685823,0.0327072450272879,-0.5185525502857841,0.0367418217891569,-0.0610438184508332,0.0329430056269489,-0.0376677529602424,0.0333104883017697,0.0035229262647803,0.0328675025539341,-0.4682571411398424,0.0377933497243515
miRNA_seed10_41_context1,hsa-miR-31-5p,hsa-miR-126-3p,hsa-miR-29a-3p,hsa-miR-126-3p,hsa-miR-192-5p,hsa-miR-218-5p,hsa-miR-29a-3p,hsa-miR-192-5p,hsa-miR-31-5p,hsa-miR-218-5p,TCTTGCCA,CGGTACGA,TGGTGCTA,CGGTACGA,TAGGTCAA,AAGCACAA,TGGTGCTA,TAGGTCAA,TCTTGCCA,AAGCACAA,TTGGAGCTCTTGCCACCGGTACGACTGGTGCTAGCGGTACGACTAGGTCAACAAGCACAACTGGTGCTAATAGGTCAAGTCTTGCCATAAGCACAATCACT,0.0082764376751517,0.0363715148134908,0.0226613178734998,0.0365911386150477,0.0006477133542028,0.0364457282580495,-0.0661144597855809,0.036765425974239,-0.0987724283061746,0.0368266016520589,0.0254481288165543,0.0375513489926342
miRNA_seed10_42_context1,hsa-miR-192-5p,hsa-miR-192-5p,hsa-miR-223-3p,hsa-miR-31-5p,hsa-miR-29a-3p,hsa-miR-29a-3p,hsa-miR-223-3p,hsa-miR-218-5p,hsa-miR-31-5p,hsa-miR-218-5p,TAGGTCAA,TAGGTCAA,AACTGACA,TCTTGCCA,TGGTGCTA,TGGTGCTA,AACTGACA,AAGCACAA,TCTTGCCA,AAGCACAA,TTGGAGCTAGGTCAACTAGGTCAAAAACTGACAGTCTTGCCACTGGTGCTACTGGTGCTACAACTGACAAAAGCACAAGTCTTGCCATAAGCACAATCACT,-0.1054177293362573,0.0288552654272773,-0.3233071641075625,0.0306903681277832,0.013335367054982,0.0287427052068502,-0.1601675567794599,0.0296663322251169,-0.1388905061677535,0.029122620948524,-0.1180770087435782,0.0295889961490601
miRNA_seed10_43_context1,hsa-miR-22-3p,hsa-miR-218-5p,hsa-miR-29a-3p,hsa-miR-224-5p,hsa-miR-17-3p,hsa-miR-218-5p,hsa-miR-224-5p,hsa-miR-17-3p,hsa-miR-22-3p,hsa-miR-29a-3p,GGCAGCTA,AAGCACAA,TGGTGCTA,TGACTTGA,ACTGCAGA,AAGCACAA,TGACTTGA,ACTGCAGA,GGCAGCTA,TGGTGCTA,TTGGAGCGGCAGCTACAAGCACAACTGGTGCTAGTGACTTGACACTGCAGACAAGCACAACTGACTTGAAACTGCAGAGGGCAGCTATTGGTGCTATCACT,-0.0462490703460188,0.0270905633937785,0.1359993304369857,0.0274564613749487,0.1216384218819315,0.0269895544819316,0.0231309958725666,0.0278248357818712,-0.1618453022274106,0.0277145427579998,0.0279403807719798,0.0279789816599251
miRNA_seed10_44_context1,hsa-miR-29a-3p,hsa-miR-329-3p,hsa-miR-34a-3p,hsa-miR-34a-3p,hsa-miR-218-5p,hsa-miR-224-5p,hsa-miR-224-5p,hsa-miR-329-3p,hsa-miR-218-5p,hsa-miR-29a-3p,TGGTGCTA,GGTGTGTA,GCTGATTA,GCTGATTA,AAGCACAA,TGACTTGA,TGACTTGA,GGTGTGTA,AAGCACAA,TGGTGCTA,TTGGAGCTGGTGCTACGGTGTGTAAGCTGATTAGGCTGATTACAAGCACAACTGACTTGACTGACTTGAAGGTGTGTAGAAGCACAATTGGTGCTATCACT,-0.0943469315521665,0.0290158008223069,0.0696513686478406,0.0296120745692743,0.0528757813879851,0.0288720225203622,-0.0300914440663245,0.0292378547230235,-0.1813863561207758,0.0292694048539886,-0.0450552859548041,0.0291022885180369
miRNA_seed10_45_context1,hsa-miR-10a-5p,hsa-miR-10a-5p,hsa-miR-218-5p,hsa-miR-29a-3p,hsa-miR-125b-5p,hsa-miR-142-3p,hsa-miR-29a-3p,hsa-miR-142-3p,hsa-miR-125b-5p,hsa-miR-218-5p,ACAGGGTA,ACAGGGTA,AAGCACAA,TGGTGCTA,CTCAGGGA,ACACTACA,TGGTGCTA,ACACTACA,CTCAGGGA,AAGCACAA,TTGGAGCACAGGGTACACAGGGTAAAAGCACAAGTGGTGCTACCTCAGGGACACACTACACTGGTGCTAAACACTACAGCTCAGGGATAAGCACAATCACT,-0.1335232859867283,0.0285110057786373,-0.0107846120609392,0.0279259861097816,-0.0096499115985422,0.0283779261385385,-0.2825744882550766,0.0304917564339135,-0.1048400187352244,0.0285927950355587,-0.3369337560864452,0.0312668294584966
miRNA_seed10_46_context1,hsa-miR-122-5p,hsa-miR-10a-5p,hsa-miR-10a-5p,hsa-miR-29a-3p,hsa-miR-122-5p,hsa-miR-31-5p,hsa-miR-126-3p,hsa-miR-31-5p,hsa-miR-29a-3p,hsa-miR-126-3p,ACACTCCA,ACAGGGTA,ACAGGGTA,TGGTGCTA,ACACTCCA,TCTTGCCA,CGGTACGA,TCTTGCCA,TGGTGCTA,CGGTACGA,TTGGAGCACACTCCACACAGGGTAAACAGGGTAGTGGTGCTACACACTCCACTCTTGCCACCGGTACGAATCTTGCCAGTGGTGCTATCGGTACGATCACT,0.009452326359799,0.0369945155724708,0.0781089625721968,0.038469873930469,-0.0146375336176475,0.0371646546290702,-0.0360216794327887,0.0378798693945068,-0.0847707398284296,0.0374779433012082,0.0483210774626376,0.0385296754424351
miRNA_seed10_47_context1,hsa-miR-18a-5p,hsa-miR-31-5p,hsa-miR-31-5p,hsa-miR-21-3p,hsa-miR-21-3p,hsa-miR-218-5p,hsa-miR-29a-3p,hsa-miR-18a-5p,hsa-miR-29a-3p,hsa-miR-218-5p,GCACCTTA,TCTTGCCA,TCTTGCCA,TGGTGTTA,TGGTGTTA,AAGCACAA,TGGTGCTA,GCACCTTA,TGGTGCTA,AAGCACAA,TTGGAGCGCACCTTACTCTTGCCAATCTTGCCAGTGGTGTTACTGGTGTTACAAGCACAACTGGTGCTAAGCACCTTAGTGGTGCTATAAGCACAATCACT,-0.0826744326459048,0.0343770261608055,-0.0171859746168082,0.0333810047271288,-0.0209856066341073,0.0342756434161723,-0.0582030933600427,0.034616570016677,-0.0481204457927174,0.0344193211633064,0.1046742703917909,0.0353405013419345
miRNA_seed10_48_context1,hsa-miR-148a-3p,hsa-miR-18a-5p,hsa-miR-329-3p,hsa-miR-130a-3p,hsa-miR-18a-5p,hsa-miR-130a-3p,hsa-miR-141-3p,hsa-miR-148a-3p,hsa-miR-329-3p,hsa-miR-141-3p,TGCACTGA,GCACCTTA,GGTGTGTA,TTGCACTA,GCACCTTA,TTGCACTA,CAGTGTTA,TGCACTGA,GGTGTGTA,CAGTGTTA,TTGGAGCTGCACTGACGCACCTTAAGGTGTGTAGTTGCACTACGCACCTTACTTGCACTACCAGTGTTACTGCACTGAGGGTGTGTATCAGTGTTATCACT,-0.0571616977593326,0.0245584700049889,0.2149767323379837,0.0244818741690548,0.0796494897218106,0.0245024778066883,-0.0635059309695809,0.0251211993380098,-0.0786954165960815,0.0247670141675509,0.1484245732368221,0.0249633839055827
miRNA_seed10_49_context1,hsa-miR-218-5p,hsa-miR-142-3p,hsa-miR-203a-3p,hsa-miR-142-3p,hsa-miR-18a-5p,hsa-miR-218-5p,hsa-miR-130a-3p,hsa-miR-130a-3p,hsa-miR-203a-3p,hsa-miR-18a-5p,AAGCACAA,ACACTACA,CATTTCAA,ACACTACA,GCACCTTA,AAGCACAA,TTGCACTA,TTGCACTA,CATTTCAA,GCACCTTA,TTGGAGCAAGCACAACACACTACAACATTTCAAGACACTACACGCACCTTACAAGCACAACTTGCACTAATTGCACTAGCATTTCAACGCACCTTATCACT,-0.8343186693074871,0.0541464546275436,-0.220228720258282,0.0516974592463766,-0.0263374683864821,0.047383491571877,-1.3092658169806926,0.0699669310559237,-0.3569490470621418,0.0493443468471352,-0.0369949979577379,0.0471293624403123
miRNA_seed10_50_context1,hsa-miR-126-3p,hsa-miR-218-5p,hsa-miR-96-5p,hsa-miR-218-5p,hsa-miR-130a-3p,hsa-miR-141-3p,hsa-miR-126-3p,hsa-miR-130a-3p,hsa-miR-141-3p,hsa-miR-96-5p,CGGTACGA,AAGCACAA,GTGCCAAA,AAGCACAA,TTGCACTA,CAGTGTTA,CGGTACGA,TTGCACTA,CAGTGTTA,GTGCCAAA,TTGGAGCCGGTACGACAAGCACAAAGTGCCAAAGAAGCACAACTTGCACTACCAGTGTTACCGGTACGAATTGCACTAGCAGTGTTACGTGCCAAATCACT,-0.0339076230248022,0.0269774240837062,0.0765041502532216,0.0276207528098747,0.0255571113104195,0.02703723008974,-0.2177039031540209,0.0285857267764576,-0.1162769537680464,0.0273687314836849,0.0831950462179156,0.0278156467700978
miRNA_seed10_51_context1,hsa-miR-142-3p,hsa-miR-7-5p,hsa-miR-218-5p,hsa-miR-130a-3p,hsa-miR-148a-3p,hsa-miR-218-5p,hsa-miR-142-3p,hsa-miR-7-5p,hsa-miR-130a-3p,hsa-miR-148a-3p,ACACTACA,GTCTTCCA,AAGCACAA,TTGCACTA,TGCACTGA,AAGCACAA,ACACTACA,GTCTTCCA,TTGCACTA,TGCACTGA,TTGGAGCACACTACACGTCTTCCAAAAGCACAAGTTGCACTACTGCACTGACAAGCACAACACACTACAAGTCTTCCAGTTGCACTATTGCACTGATCACT,-0.3027717449883406,0.0490634068343806,-0.0461687398098626,0.0448169523526312,-0.0344215421209182,0.0474408324307737,-0.9588178033486262,0.0664381292322862,-0.1613923020853748,0.0482098123134586,-0.0488671850552333,0.0474050508640222
miRNA_seed10_52_context1,hsa-miR-200c-3p,hsa-miR-34a-3p,hsa-miR-130a-3p,hsa-miR-200c-3p,hsa-miR-130a-3p,hsa-miR-126-3p,hsa-miR-18a-5p,hsa-miR-18a-5p,hsa-miR-34a-3p,hsa-miR-126-3p,CAGTATTA,GCTGATTA,TTGCACTA,CAGTATTA,TTGCACTA,CGGTACGA,GCACCTTA,GCACCTTA,GCTGATTA,CGGTACGA,TTGGAGCCAGTATTACGCTGATTAATTGCACTAGCAGTATTACTTGCACTACCGGTACGACGCACCTTAAGCACCTTAGGCTGATTATCGGTACGATCACT,-0.6119715659147344,0.0450160367632486,0.0203774738523301,0.0413291146613386,-0.3610970533873139,0.0437001836652578,-0.6247017685643229,0.0476790017882071,-0.4678637675335623,0.0442849188041022,-0.1626917766748589,0.0426283355813147
miRNA_seed10_53_context1,hsa-miR-18a-5p,hsa-miR-126-3p,hsa-miR-17-3p,hsa-miR-130a-3p,hsa-miR-200c-3p,hsa-miR-126-3p,hsa-miR-200c-3p,hsa-miR-17-3p,hsa-miR-18a-5p,hsa-miR-130a-3p,GCACCTTA,CGGTACGA,ACTGCAGA,TTGCACTA,CAGTATTA,CGGTACGA,CAGTATTA,ACTGCAGA,GCACCTTA,TTGCACTA,TTGGAGCGCACCTTACCGGTACGAAACTGCAGAGTTGCACTACCAGTATTACCGGTACGACCAGTATTACACTGCAGAGGCACCTTATTTGCACTATCACT,-0.28205530048472,0.0298195312140405,0.0583788439838812,0.0297684094230293,0.1049416539943895,0.029065790088836,-0.6117462846051196,0.0342182246002977,-0.1663765396235531,0.0296061006722602,0.0555121183375271,0.0299700886208959
miRNA_seed10_54_context1,hsa-miR-218-5p,hsa-miR-223-3p,hsa-miR-7-5p,hsa-miR-223-3p,hsa-miR-148a-3p,hsa-miR-130a-3p,hsa-miR-218-5p,hsa-miR-7-5p,hsa-miR-148a-3p,hsa-miR-130a-3p,AAGCACAA,AACTGACA,GTCTTCCA,AACTGACA,TGCACTGA,TTGCACTA,AAGCACAA,GTCTTCCA,TGCACTGA,TTGCACTA,TTGGAGCAAGCACAACAACTGACAAGTCTTCCAGAACTGACACTGCACTGACTTGCACTACAAGCACAAAGTCTTCCAGTGCACTGATTTGCACTATCACT,-0.2990221661938302,0.0392849901585687,-0.0313324067111764,0.0367714538482762,-0.0547831858978854,0.0383154723486977,-0.5278662720464888,0.04379433014823,-0.2406935492991628,0.0392109384090008,-0.0098936649175688,0.0387723247261675
miRNA_seed10_55_context1,hsa-miR-31-5p,hsa-miR-193b-3p,hsa-miR-31-5p,hsa-miR-223-3p,hsa-miR-193b-3p,hsa-miR-22-3p,hsa-miR-141-3p,hsa-miR-22-3p,hsa-miR-141-3p,hsa-miR-223-3p,TCTTGCCA,GGCCAGTA,TCTTGCCA,AACTGACA,GGCCAGTA,GGCAGCTA,CAGTGTTA,GGCAGCTA,CAGTGTTA,AACTGACA,TTGGAGCTCTTGCCACGGCCAGTAATCTTGCCAGAACTGACACGGCCAGTACGGCAGCTACCAGTGTTAAGGCAGCTAGCAGTGTTATAACTGACATCACT,-0.0354417287236532,0.0312470532430788,-0.1595586873469262,0.0325090907786394,0.0387120520182494,0.0311817854950852,0.0202085121497174,0.0319498604954147,-0.0503559565823568,0.0313746624802082,0.1344780996681419,0.0319463175235547
miRNA_seed10_56_context1,hsa-miR-100-5p,hsa-miR-31-5p,hsa-miR-18a-5p,hsa-miR-18a-5p,hsa-miR-31-5p,hsa-miR-193b-3p,hsa-miR-122-5p,hsa-miR-193b-3p,hsa-miR-122-5p,hsa-miR-100-5p,TACGGGTA,TCTTGCCA,GCACCTTA,GCACCTTA,TCTTGCCA,GGCCAGTA,ACACTCCA,GGCCAGTA,ACACTCCA,TACGGGTA,TTGGAGCTACGGGTACTCTTGCCAAGCACCTTAGGCACCTTACTCTTGCCACGGCCAGTACACACTCCAAGGCCAGTAGACACTCCATTACGGGTATCACT,-0.0644886961893445,0.0250716421185248,-0.1362560329488508,0.025734288058379,-0.023808460291683,0.0251846737937514,-0.0972443061152118,0.0250829497717644,-0.0741484469792897,0.0252608452268871,0.0868327216004656,0.0257282136742437
miRNA_seed10_57_context1,hsa-miR-142-3p,hsa-miR-7-5p,hsa-miR-196a-5p,hsa-miR-100-5p,hsa-miR-100-5p,hsa-miR-196a-5p,hsa-miR-22-3p,hsa-miR-142-3p,hsa-miR-22-3p,hsa-miR-7-5p,ACACTACA,GTCTTCCA,ACTACCTA,TACGGGTA,TACGGGTA,ACTACCTA,GGCAGCTA,ACACTACA,GGCAGCTA,GTCTTCCA,TTGGAGCACACTACACGTCTTCCAAACTACCTAGTACGGGTACTACGGGTACACTACCTACGGCAGCTAAACACTACAGGGCAGCTACGTCTTCCATCACT,-0.8845601099705395,0.0526167047841352,-0.3929761797617933,0.0488928056414186,-0.6307824193250364,0.052135579983584,-0.4846892069331654,0.0499739332773513,-0.8405704967679413,0.0533349907570526,-0.6543900516676953,0.054156789114898
miRNA_seed10_58_context1,hsa-miR-122-5p,hsa-miR-223-3p,hsa-miR-100-5p,hsa-miR-223-3p,hsa-miR-193b-3p,hsa-miR-100-5p,hsa-miR-193b-3p,hsa-miR-122-5p,hsa-miR-10a-5p,hsa-miR-10a-5p,ACACTCCA,AACTGACA,TACGGGTA,AACTGACA,GGCCAGTA,TACGGGTA,GGCCAGTA,ACACTCCA,ACAGGGTA,ACAGGGTA,TTGGAGCACACTCCACAACTGACAATACGGGTAGAACTGACACGGCCAGTACTACGGGTACGGCCAGTACACACTCCAGACAGGGTATACAGGGTATCACT,-0.1021015858828104,0.0364010782348439,-0.0268288791311485,0.0350788799623861,0.0502495195208034,0.0360875741820596,-0.0565485693182644,0.0367432827471934,-0.0038291862287247,0.0363193874459985,0.004515293139405,0.0371438751962221
miRNA_seed10_59_context1,hsa-miR-100-5p,hsa-miR-193b-3p,hsa-miR-223-3p,hsa-miR-100-5p,hsa-miR-122-5p,hsa-miR-31-5p,hsa-miR-223-3p,hsa-miR-193b-3p,hsa-miR-31-5p,hsa-miR-122-5p,TACGGGTA,GGCCAGTA,AACTGACA,TACGGGTA,ACACTCCA,TCTTGCCA,AACTGACA,GGCCAGTA,TCTTGCCA,ACACTCCA,TTGGAGCTACGGGTACGGCCAGTACAACTGACAGTACGGGTACACACTCCACTCTTGCCACAACTGACAAGGCCAGTAGTCTTGCCATACACTCCATCACT,0.0006116748268537,0.028227413482872,-0.3693488500656576,0.0307475647117211,0.0164106551191171,0.028370240752475,-0.0578756409432658,0.0289425189034799,-0.0560682478733733,0.0285336667009826,0.0647765119464456,0.0292369908558655
miRNA_seed10_60_context1,hsa-miR-21-3p,hsa-miR-100-5p,hsa-miR-22-3p,hsa-miR-141-3p,hsa-miR-126-3p,hsa-miR-100-5p,hsa-miR-21-3p,hsa-miR-141-3p,hsa-miR-22-3p,hsa-miR-126-3p,TGGTGTTA,TACGGGTA,GGCAGCTA,CAGTGTTA,CGGTACGA,TACGGGTA,TGGTGTTA,CAGTGTTA,GGCAGCTA,CGGTACGA,TTGGAGCTGGTGTTACTACGGGTAAGGCAGCTAGCAGTGTTACCGGTACGACTACGGGTACTGGTGTTAACAGTGTTAGGGCAGCTATCGGTACGATCACT,-0.2568199170083602,0.028856744628955,0.025163077597602,0.0284771647818494,-0.2396450518351481,0.0292028372132472,-0.0602603556997312,0.0287738538161051,-0.3618115685553157,0.0296671567820041,-0.1582672536707869,0.0295139179678573
miRNA_seed10_61_context1,hsa-miR-142-3p,hsa-miR-142-3p,hsa-miR-200c-3p,hsa-miR-10a-5p,hsa-miR-192-5p,hsa-miR-10a-5p,hsa-miR-22-3p,hsa-miR-22-3p,hsa-miR-192-5p,hsa-miR-200c-3p,ACACTACA,ACACTACA,CAGTATTA,ACAGGGTA,TAGGTCAA,ACAGGGTA,GGCAGCTA,GGCAGCTA,TAGGTCAA,CAGTATTA,TTGGAGCACACTACACACACTACAACAGTATTAGACAGGGTACTAGGTCAACACAGGGTACGGCAGCTAAGGCAGCTAGTAGGTCAATCAGTATTATCACT,0.1391895879493195,0.0304406401875645,0.1195628067485211,0.0313863148732634,0.0040077105027207,0.0307117002121824,-0.0587371453694776,0.0312249942257907,0.0211341238229938,0.0307342186049752,0.1008647787025499,0.031616197265638
miRNA_seed10_62_context1,hsa-miR-203a-3p,hsa-let-7a-5p,hsa-miR-100-5p,hsa-miR-218-5p,hsa-miR-122-5p,hsa-miR-122-5p,hsa-miR-203a-3p,hsa-miR-100-5p,hsa-let-7a-5p,hsa-miR-218-5p,CATTTCAA,CTACCTCA,TACGGGTA,AAGCACAA,ACACTCCA,ACACTCCA,CATTTCAA,TACGGGTA,CTACCTCA,AAGCACAA,TTGGAGCCATTTCAACCTACCTCAATACGGGTAGAAGCACAACACACTCCACACACTCCACCATTTCAAATACGGGTAGCTACCTCATAAGCACAATCACT,-0.0246775379086839,0.0490922408961788,-0.334942872522045,0.0516859968367993,-0.0534895959948465,0.0483056871098782,-0.1362476744952307,0.0471355839112656,-0.0550337885098236,0.0488501286365376,-0.2465250754246067,0.0520345882036721
miRNA_seed10_63_context1,hsa-miR-192-5p,hsa-miR-122-5p,hsa-miR-122-5p,hsa-miR-192-5p,hsa-miR-125b-5p,hsa-miR-218-5p,hsa-miR-24-3p,hsa-miR-24-3p,hsa-miR-125b-5p,hsa-miR-218-5p,TAGGTCAA,ACACTCCA,ACACTCCA,TAGGTCAA,CTCAGGGA,AAGCACAA,CTGAGCCA,CTGAGCCA,CTCAGGGA,AAGCACAA,TTGGAGCTAGGTCAACACACTCCAAACACTCCAGTAGGTCAACCTCAGGGACAAGCACAACCTGAGCCAACTGAGCCAGCTCAGGGATAAGCACAATCACT,-0.0084713000238905,0.0335575663303311,-0.0084994389699718,0.0329505573595495,0.0435893538199986,0.0335222742102736,-0.0534384250308513,0.0340476587377193,-0.0673437770586096,0.0338040797202404,-0.0253780446119075,0.0340449166347783
miRNA_seed10_64_context1,hsa-miR-203a-3p,hsa-miR-218-5p,hsa-miR-218-5p,hsa-let-7a-5p,hsa-miR-122-5p,hsa-miR-203a-3p,hsa-miR-192-5p,hsa-miR-122-5p,hsa-miR-192-5p,hsa-let-7a-5p,CATTTCAA,AAGCACAA,AAGCACAA,CTACCTCA,ACACTCCA,CATTTCAA,TAGGTCAA,ACACTCCA,TAGGTCAA,CTACCTCA,TTGGAGCCATTTCAACAAGCACAAAAAGCACAAGCTACCTCACACACTCCACCATTTCAACTAGGTCAAAACACTCCAGTAGGTCAATCTACCTCATCACT,-0.0707005076945226,0.0394034142238232,-0.6226874895491126,0.0429973220311157,-0.1522527565046867,0.0393492210428917,-0.1487005647266754,0.0388684265866378,-0.0834475417072863,0.0393390515340239,-0.5603240626271934,0.0438581659952356
miRNA_seed10_65_context1,hsa-miR-31-5p,hsa-miR-10a-5p,hsa-miR-122-5p,hsa-miR-218-5p,hsa-miR-10a-5p,hsa-miR-218-5p,hsa-miR-122-5p,hsa-miR-31-5p,hsa-let-7a-5p,hsa-let-7a-5p,TCTTGCCA,ACAGGGTA,ACACTCCA,AAGCACAA,ACAGGGTA,AAGCACAA,ACACTCCA,TCTTGCCA,CTACCTCA,CTACCTCA,TTGGAGCTCTTGCCACACAGGGTAAACACTCCAGAAGCACAACACAGGGTACAAGCACAACACACTCCAATCTTGCCAGCTACCTCATCTACCTCATCACT,-0.0267761075403674,0.0325066184347639,-0.4270296237930151,0.0354068552746676,-0.0690277037071725,0.0326936451217399,-0.1238169894061054,0.0322295230771135,-0.0281710412252425,0.0326425319267775,-0.2805603618160182,0.0356615973855556
miRNA_seed10_66_context1,hsa-let-7a-5p,hsa-miR-137-3p,hsa-miR-122-5p,hsa-miR-100-5p,hsa-miR-203a-3p,hsa-miR-137-3p,hsa-miR-100-5p,hsa-miR-203a-3p,hsa-miR-122-5p,hsa-let-7a-5p,CTACCTCA,AGCAATAA,ACACTCCA,TACGGGTA,CATTTCAA,AGCAATAA,TACGGGTA,CATTTCAA,ACACTCCA,CTACCTCA,TTGGAGCCTACCTCACAGCAATAACACACTCCAGTACGGGTACCATTTCAACAGCAATAACTACGGGTAACATTTCAAGACACTCCATCTACCTCATCACT,-0.0429246494917446,0.0505494363167351,-0.4687285249726016,0.0564878482594376,-0.0753463305540705,0.0501221335373268,-0.0408440491538417,0.0505139741780084,-0.0233400179240413,0.0505187624748829,-0.3521800787200456,0.056863001298714
miRNA_seed10_67_context1,hsa-miR-192-5p,hsa-let-7a-5p,hsa-miR-100-5p,hsa-miR-125b-5p,hsa-let-7a-5p,hsa-miR-31-5p,hsa-miR-125b-5p,hsa-miR-192-5p,hsa-miR-31-5p,hsa-miR-100-5p,TAGGTCAA,CTACCTCA,TACGGGTA,CTCAGGGA,CTACCTCA,TCTTGCCA,CTCAGGGA,TAGGTCAA,TCTTGCCA,TACGGGTA,TTGGAGCTAGGTCAACCTACCTCAATACGGGTAGCTCAGGGACCTACCTCACTCTTGCCACCTCAGGGAATAGGTCAAGTCTTGCCATTACGGGTATCACT,0.0856789892307764,0.0252218710007303,-0.3708612235699794,0.0274743228407506,-0.1367895866919146,0.0259411632514368,0.1048990500030932,0.0258027374633714,-0.0776839133151551,0.0256640798301383,-0.3531151813660673,0.0284412919043263
miRNA_seed10_68_context1,hsa-let-7a-5p,hsa-let-7a-5p,hsa-miR-24-3p,hsa-miR-31-5p,hsa-miR-31-5p,hsa-miR-122-5p,hsa-miR-122-5p,hsa-miR-100-5p,hsa-miR-24-3p,hsa-miR-100-5p,CTACCTCA,CTACCTCA,CTGAGCCA,TCTTGCCA,TCTTGCCA,ACACTCCA,ACACTCCA,TACGGGTA,CTGAGCCA,TACGGGTA,TTGGAGCCTACCTCACCTACCTCAACTGAGCCAGTCTTGCCACTCTTGCCACACACTCCACACACTCCAATACGGGTAGCTGAGCCATTACGGGTATCACT,-0.0613949634884903,0.0486189908683391,-1.0375927949671528,0.0583348492555666,-0.1285311951756497,0.0480576323505801,-0.0130692184814353,0.0490283746072807,-0.0858817782621862,0.0483608339267555,-0.4342041104264109,0.0522838830121948
miRNA_seed10_69_context1,hsa-miR-18a-5p,hsa-miR-141-3p,hsa-miR-329-3p,hsa-miR-130a-3p,hsa-miR-130a-3p,hsa-miR-141-3p,hsa-miR-329-3p,hsa-miR-18a-5p,hsa-miR-31-5p,hsa-miR-31-5p,GCACCTTA,CAGTGTTA,GGTGTGTA,TTGCACTA,TTGCACTA,CAGTGTTA,GGTGTGTA,GCACCTTA,TCTTGCCA,TCTTGCCA,TTGGAGCGCACCTTACCAGTGTTAAGGTGTGTAGTTGCACTACTTGCACTACCAGTGTTACGGTGTGTAAGCACCTTAGTCTTGCCATTCTTGCCATCACT,-0.0167857874263517,0.02456210717141,-0.1273646359427156,0.0250357912857255,0.0275111227410431,0.024625844565397,-0.0554287586830375,0.0250571231632738,-0.0427869682947586,0.0247292057965061,0.1706430446197295,0.0249113375011208
miRNA_seed10_70_context1,hsa-miR-200c-3p,hsa-miR-100-5p,hsa-miR-218-5p,hsa-miR-148a-3p,hsa-miR-218-5p,hsa-miR-100-5p,hsa-miR-200c-3p,hsa-miR-18a-5p,hsa-miR-148a-3p,hsa-miR-18a-5p,CAGTATTA,TACGGGTA,AAGCACAA,TGCACTGA,AAGCACAA,TACGGGTA,CAGTATTA,GCACCTTA,TGCACTGA,GCACCTTA,TTGGAGCCAGTATTACTACGGGTAAAAGCACAAGTGCACTGACAAGCACAACTACGGGTACCAGTATTAAGCACCTTAGTGCACTGACGCACCTTATCACT,-0.7049411832846078,0.0370083339749722,-0.2832299674790056,0.035137305823729,-0.0098417658740673,0.0331669164347806,-0.7792858384442105,0.0405952649006219,-0.3489518776397381,0.0345082227423997,-0.1509013660416095,0.0342042037006931
miRNA_seed10_71_context1,hsa-miR-18a-5p,hsa-miR-18a-5p,hsa-miR-192-5p,hsa-miR-141-3p,hsa-miR-218-5p,hsa-miR-329-3p,hsa-miR-192-5p,hsa-miR-218-5p,hsa-miR-329-3p,hsa-miR-141-3p,GCACCTTA,GCACCTTA,TAGGTCAA,CAGTGTTA,AAGCACAA,GGTGTGTA,TAGGTCAA,AAGCACAA,GGTGTGTA,CAGTGTTA,TTGGAGCGCACCTTACGCACCTTAATAGGTCAAGCAGTGTTACAAGCACAACGGTGTGTACTAGGTCAAAAAGCACAAGGGTGTGTATCAGTGTTATCACT,-0.0423048707276844,0.0359711212860227,0.0984495013321004,0.0372426787442438,0.0529453500670224,0.035846157799599,-0.0325674645445453,0.0366463818661128,-0.1332439220783094,0.0364538451588321,0.1290871714351636,0.0370839034882183
miRNA_seed10_72_context1,hsa-miR-122-5p,hsa-miR-200c-3p,hsa-miR-18a-5p,hsa-miR-200c-3p,hsa-miR-34a-3p,hsa-miR-34a-3p,hsa-miR-122-5p,hsa-miR-18a-5p,hsa-miR-100-5p,hsa-miR-100-5p,ACACTCCA,CAGTATTA,GCACCTTA,CAGTATTA,GCTGATTA,GCTGATTA,ACACTCCA,GCACCTTA,TACGGGTA,TACGGGTA,TTGGAGCACACTCCACCAGTATTAAGCACCTTAGCAGTATTACGCTGATTACGCTGATTACACACTCCAAGCACCTTAGTACGGGTATTACGGGTATCACT,-0.4819033148464874,0.0462714671495181,-0.209375477629541,0.0472659019249379,-0.0985317869098669,0.0436308092967158,-0.5668976881698009,0.0504808901088528,-0.2146367956252739,0.0443153173976695,-0.0459577655766869,0.0434209432879701
miRNA_seed10_73_context1,hsa-miR-193b-3p,hsa-miR-200c-3p,hsa-miR-218-5p,hsa-miR-192-5p,hsa-miR-18a-5p,hsa-miR-193b-3p,hsa-miR-192-5p,hsa-miR-18a-5p,hsa-miR-218-5p,hsa-miR-200c-3p,GGCCAGTA,CAGTATTA,AAGCACAA,TAGGTCAA,GCACCTTA,GGCCAGTA,TAGGTCAA,GCACCTTA,AAGCACAA,CAGTATTA,TTGGAGCGGCCAGTACCAGTATTACAAGCACAAGTAGGTCAACGCACCTTACGGCCAGTACTAGGTCAAAGCACCTTAGAAGCACAATCAGTATTATCACT,-0.1727327971099281,0.0431661971453771,-0.0265070747443652,0.0407692955803741,-0.0269632994682033,0.0425199924057535,-0.1808839726610064,0.0440059455037014,-0.1720457365822324,0.0432676565874267,0.0175067571572229,0.0436667933825113
miRNA_seed10_74_context1,hsa-miR-21-5p,hsa-miR-126-3p,hsa-miR-24-3p,hsa-miR-122-5p,hsa-miR-21-5p,hsa-miR-126-3p,hsa-miR-122-5p,hsa-miR-24-3p,hsa-miR-203a-3p,hsa-miR-203a-3p,ATAAGCTA,CGGTACGA,CTGAGCCA,ACACTCCA,ATAAGCTA,CGGTACGA,ACACTCCA,CTGAGCCA,CATTTCAA,CATTTCAA,TTGGAGCATAAGCTACCGGTACGAACTGAGCCAGACACTCCACATAAGCTACCGGTACGACACACTCCAACTGAGCCAGCATTTCAATCATTTCAATCACT,-0.0533074565570196,0.0295765151679146,-0.0679816771297905,0.0289673037536266,0.0003677309805366,0.0296192310516004,-0.1297680546948352,0.0297260069785297,-0.1118707840237515,0.0299187782090299,0.0461843506577358,0.0304740369431387
miRNA_seed10_75_context1,hsa-miR-21-5p,hsa-miR-126-3p,hsa-miR-31-5p,hsa-miR-122-5p,hsa-miR-21-5p,hsa-miR-126-3p,hsa-miR-31-5p,hsa-miR-141-3p,hsa-miR-122-5p,hsa-miR-141-3p,ATAAGCTA,CGGTACGA,TCTTGCCA,ACACTCCA,ATAAGCTA,CGGTACGA,TCTTGCCA,CAGTGTTA,ACACTCCA,CAGTGTTA,TTGGAGCATAAGCTACCGGTACGAATCTTGCCAGACACTCCACATAAGCTACCGGTACGACTCTTGCCAACAGTGTTAGACACTCCATCAGTGTTATCACT,-0.1336863424090343,0.0384572002382293,-0.0728666343317116,0.0367373464612806,-0.0347415306589765,0.0381486926883952,-0.0802358129964281,0.0378722746184717,-0.113831403711823,0.0384892088477641,0.0198158912884408,0.0390730442630989
miRNA_seed10_76_context1,hsa-miR-21-5p,hsa-miR-21-5p,hsa-miR-22-3p,hsa-miR-22-3p,hsa-miR-141-3p,hsa-miR-137-3p,hsa-miR-126-3p,hsa-miR-126-3p,hsa-miR-137-3p,hsa-miR-141-3p,ATAAGCTA,ATAAGCTA,GGCAGCTA,GGCAGCTA,CAGTGTTA,AGCAATAA,CGGTACGA,CGGTACGA,AGCAATAA,CAGTGTTA,TTGGAGCATAAGCTACATAAGCTAAGGCAGCTAGGGCAGCTACCAGTGTTACAGCAATAACCGGTACGAACGGTACGAGAGCAATAATCAGTGTTATCACT,0.0250407084129295,0.0332285189620035,0.1221315378762546,0.0342254134481499,-0.0104500272190701,0.033308105556437,-0.0244261819773794,0.0338518661610699,-0.0547380067105958,0.0334717528863119,0.0991006845168579,0.0343389317774112
miRNA_seed10_77_context1,hsa-miR-214-3p,hsa-miR-21-5p,hsa-miR-200c-3p,hsa-miR-214-3p,hsa-miR-24-3p,hsa-miR-24-3p,hsa-miR-22-3p,hsa-miR-21-5p,hsa-miR-200c-3p,hsa-miR-22-3p,CCTGCTGA,ATAAGCTA,CAGTATTA,CCTGCTGA,CTGAGCCA,CTGAGCCA,GGCAGCTA,ATAAGCTA,CAGTATTA,GGCAGCTA,TTGGAGCCCTGCTGACATAAGCTAACAGTATTAGCCTGCTGACCTGAGCCACCTGAGCCACGGCAGCTAAATAAGCTAGCAGTATTACGGCAGCTATCACT,-0.0176179161078655,0.0362140374641215,-0.5971040650230343,0.0401209178024005,-0.1644687196981077,0.0364998091973923,0.0291913398204297,0.0370992981049301,-0.625230180329013,0.0401737573198459,-0.215431890708094,0.0383334977088253
miRNA_seed10_78_context1,hsa-miR-200c-3p,hsa-miR-329-3p,hsa-miR-21-5p,hsa-miR-21-5p,hsa-miR-203a-3p,hsa-miR-203a-3p,hsa-miR-200c-3p,hsa-miR-27a-3p,hsa-miR-329-3p,hsa-miR-27a-3p,CAGTATTA,GGTGTGTA,ATAAGCTA,ATAAGCTA,CATTTCAA,CATTTCAA,CAGTATTA,ACTGTGAA,GGTGTGTA,ACTGTGAA,TTGGAGCCAGTATTACGGTGTGTAAATAAGCTAGATAAGCTACCATTTCAACCATTTCAACCAGTATTACACTGTGAAGGGTGTGTATACTGTGAATCACT,0.0107626210685909,0.0366463329298194,-0.0001413180065593,0.0358865289277683,-0.0611284594571953,0.0365276693380984,0.0148392559738272,0.0373899426290151,-0.1602626738642027,0.0368428614048067,0.0609906774992732,0.0375907229903924
miRNA_seed10_79_context1,hsa-miR-34a-3p,hsa-miR-21-5p,hsa-miR-203a-3p,hsa-miR-22-3p,hsa-miR-100-5p,hsa-miR-21-5p,hsa-miR-203a-3p,hsa-miR-34a-3p,hsa-miR-22-3p,hsa-miR-100-5p,GCTGATTA,ATAAGCTA,CATTTCAA,GGCAGCTA,TACGGGTA,ATAAGCTA,CATTTCAA,GCTGATTA,GGCAGCTA,TACGGGTA,TTGGAGCGCTGATTACATAAGCTAACATTTCAAGGGCAGCTACTACGGGTACATAAGCTACCATTTCAAAGCTGATTAGGGCAGCTATTACGGGTATCACT,0.0623550712815084,0.0423177539385413,-0.3469180408777975,0.0444874381317085,-0.124973505752791,0.0421022676550207,0.0440205625112473,0.0434946911383622,-0.4402685666857813,0.0443408395825468,-0.1422464607268646,0.04253391577197
miRNA_seed10_80_context1,hsa-miR-34a-3p,hsa-miR-122-5p,hsa-miR-21-5p,hsa-miR-27a-3p,hsa-miR-21-5p,hsa-miR-122-5p,hsa-miR-31-3p,hsa-miR-27a-3p,hsa-miR-31-3p,hsa-miR-34a-3p,GCTGATTA,ACACTCCA,ATAAGCTA,ACTGTGAA,ATAAGCTA,ACACTCCA,GCATAGCA,ACTGTGAA,GCATAGCA,GCTGATTA,TTGGAGCGCTGATTACACACTCCAAATAAGCTAGACTGTGAACATAAGCTACACACTCCACGCATAGCAAACTGTGAAGGCATAGCACGCTGATTATCACT,-0.0368882597915238,0.0398011505840312,-0.2366641814348609,0.0434655736224407,-0.0615387907664964,0.0399091698844643,0.007508581302652,0.0409347997956406,-0.2052659818806369,0.0407164899790683,0.0933915554655559,0.0413997791709956
