design,miRNA1,target1,oligoseq,HEK293T_3UTR_log10,HEK293T_3UTR_error,HeLa_3UTR_log10,HeLa_3UTR_error,MCF7_3UTR_log10,MCF7_3UTR_error,K562_3UTR_log10,K562_3UTR_error,HepG2_3UTR_log10,HepG2_3UTR_error,SKNSH_3UTR_log10,SKNSH_3UTR_error
miRNA_full_single_1_context1,hsa-let-7a-2-3p,GAAAGCTAGGAGGCTGTACAG,TTGGAGCCAAGGGTTCAGAGACTCAGGGCCCCAGCACTAAGAAAGCTAGGAGGCTGTACAGCTGGTAATAAGTACTGTGTACAGAATTCTGCTACCTCACT,-0.045916975,0.028363746,-0.025958429,0.027749177,-0.027910183,0.028405723,-0.020200581,0.028736468,-0.076005784,0.028508999,-0.056639583,0.028629206
miRNA_full_single_2_context1,hsa-let-7a-3p,GAAAGACAGTAGATTGTATAG,TTGGAGCCAAGGGTTCAGAGACTCAGGGCCCCAGCACTAAGAAAGACAGTAGATTGTATAGCTGGTAATAAGTACTGTGTACAGAATTCTGCTACCTCACT,-0.100342143,0.030869475,-0.122371029,0.031028945,-0.033198294,0.030805683,-0.113788454,0.030257795,-0.065970151,0.030907795,-0.096498872,0.031177486
miRNA_full_single_3_context1,hsa-let-7a-5p,ACTATACAACCTACTACCTCA,TTGGAGCCAAGGGTTCAGAGACTCAGGGCCCCAGCCCTAAACTATACAACCTACTACCTCACTGGTAATAAGTACTGTGTACAGAATTCTGCTACCTCACT,-0.778838762,0.046043026,-1.206391564,0.051702515,-0.892178887,0.047520703,-0.52842318,0.045231642,-0.472589948,0.044348489,-1.030621663,0.051297093
miRNA_full_single_4_context1,hsa-let-7b-3p,GGAAGGCAGTAGGTTGTATAG,TTGGAGCCAAGGGTTCAGAGACTCAGGGCCCCAGCACTAAGGAAGGCAGTAGGTTGTATAGCTGGTAATAAGTACTGTGTACAGAATTCTGCTACCTCACT,-0.06081574,0.031507443,-0.048339452,0.030438954,-0.025041458,0.031444526,-0.040270787,0.031783946,-0.070273228,0.031582461,-0.041377795,0.031593273
miRNA_full_single_5_context1,hsa-let-7b-5p,ACCACACAACCTACTACCTCA,TTGGAGCCAAGGGTTCAGAGACTCAGGGCCCCAGCCCTAAACCACACAACCTACTACCTCACTGGTAATAAGTACTGTGTACAGAATTCTGCTACCTCACT,-0.429777671,0.033576675,-1.059545029,0.041043352,-0.705798521,0.036688843,-0.283963093,0.034384768,-0.16815588,0.032802998,-0.940444445,0.041740426
miRNA_full_single_6_context1,hsa-let-7c-3p,GAAAGCTAGAAGGTTGTACAG,TTGGAGCCAAGGGTTCAGAGACTCAGGGCCCCAGCACTAAGAAAGCTAGAAGGTTGTACAGCTGGTAATAAGTACTGTGTACAGAATTCTGCTACCTCACT,-0.059527611,0.030228563,-0.087516785,0.029625831,-0.036937268,0.030223609,-0.076290351,0.030286711,-0.060062487,0.030309325,-0.074744398,0.030392609
miRNA_full_single_7_context1,hsa-let-7c-5p,ACCATACAACCTACTACCTCA,TTGGAGCCAAGGGTTCAGAGACTCAGGGCCCCAGCCCTAAACCATACAACCTACTACCTCACTGGTAATAAGTACTGTGTACAGAATTCTGCTACCTCACT,-0.66510494,0.040313299,-1.162528647,0.046829604,-0.882598819,0.042817303,-0.45110015,0.039788062,-0.299982375,0.038238589,-1.091033474,0.048489492
miRNA_full_single_8_context1,hsa-let-7d-3p,GAAAGGCAGCAGGTCGTATAG,TTGGAGCCAAGGGTTCAGAGACTCAGGGCCCCAGCACTAAGAAAGGCAGCAGGTCGTATAGCTGGTAATAAGTACTGTGTACAGAATTCTGCTACCTCACT,0.034896147,0.032927563,-0.038676316,0.031821094,-0.040389341,0.032938905,0.036031733,0.033743021,-0.030915832,0.033037959,0.013441124,0.033453303
miRNA_full_single_9_context1,hsa-let-7d-5p,ACTATGCAACCTACTACCTCT,TTGGAGCCAAGGGTTCAGAGACTCAGGGCCCCAGCCCTAAACTATGCAACCTACTACCTCTCTGGTAATAAGTACTGTGTACAGAATTCTGCTACCTCACT,-0.665723105,0.03987204,-1.129000862,0.045160143,-0.848752927,0.041844977,-0.403138273,0.039171714,-0.351556658,0.038196448,-1.00084149,0.045589341
miRNA_full_single_10_context1,hsa-let-7e-3p,GAAAGCTAGGAGGCCGTATAG,TTGGAGCCAAGGGTTCAGAGACTCAGGGCCCCAGCACTAAGAAAGCTAGGAGGCCGTATAGCTGGTAATAAGTACTGTGTACAGAATTCTGCTACCTCACT,-0.047009721,0.02989975,-0.027030333,0.029160528,-0.039339393,0.029946006,-0.038182471,0.030264016,-0.070014755,0.030033944,-0.041707877,0.03015414
miRNA_full_single_11_context1,hsa-let-7e-5p,ACTATACAACCTCCTACCTCA,TTGGAGCCAAGGGTTCAGAGACTCAGGGCCCCAGCCCTAAACTATACAACCTCCTACCTCACTGGTAATAAGTACTGTGTACAGAATTCTGCTACCTCACT,-0.702373511,0.040891784,-1.044707261,0.045962014,-0.820619935,0.042954105,-0.478799594,0.040259598,-0.408532118,0.039025229,-1.012974314,0.048381465
miRNA_full_single_12_context1,hsa-let-7f-1-3p,GGAAGGCAATAGATTGTATAG,TTGGAGCCAAGGGTTCAGAGACTCAGGGCCCCAGCACTAAGGAAGGCAATAGATTGTATAGCTGGTAATAAGTACTGTGTACAGAATTCTGCTACCTCACT,-0.063997348,0.029631364,-0.016685919,0.029014281,-0.031845508,0.029650069,-0.052190207,0.029993435,-0.047828504,0.029712224,-0.052224588,0.029884206
miRNA_full_single_13_context1,hsa-let-7f-2-3p,GAAAGACAGTAGACTGTATAG,TTGGAGCCAAGGGTTCAGAGACTCAGGGCCCCAGCACTAAGAAAGACAGTAGACTGTATAGCTGGTAATAAGTACTGTGTACAGAATTCTGCTACCTCACT,-0.101290755,0.033931414,-0.060270727,0.032559851,-0.039597566,0.033772303,-0.117260992,0.033045385,-0.071501826,0.033923187,-0.08160582,0.033830583
miRNA_full_single_14_context1,hsa-let-7f-5p,ACTATACAATCTACTACCTCA,TTGGAGCCAAGGGTTCAGAGACTCAGGGCCCCAGCCCTAAACTATACAATCTACTACCTCACTGGTAATAAGTACTGTGTACAGAATTCTGCTACCTCACT,-0.706845352,0.036881226,-1.084563357,0.041639581,-0.907942081,0.039285166,-0.427544349,0.036078902,-0.36117219,0.035106296,-1.011149834,0.042997145
miRNA_full_single_15_context1,hsa-let-7g-3p,GCAAGGCAGTGGCCTGTACAG,TTGGAGCCAAGGGTTCAGAGACTCAGGGCCCCAGCACTAAGCAAGGCAGTGGCCTGTACAGCTGGTAATAAGTACTGTGTACAGAATTCTGCTACCTCACT,0.013035442,0.022535108,0.034901737,0.022856338,0.013463424,0.022700415,0.009718516,0.023092467,-0.030530029,0.022746783,0.008390982,0.023192322
miRNA_full_single_16_context1,hsa-let-7g-5p,ACTGTACAAACTACTACCTCA,TTGGAGCCAAGGGTTCAGAGACTCAGGGCCCCAGCCCTAAACTGTACAAACTACTACCTCACTGGTAATAAGTACTGTGTACAGAATTCTGCTACCTCACT,-0.266459334,0.030915261,-0.911025559,0.036541388,-0.541471912,0.033266733,-0.134191095,0.030292806,-0.209349708,0.030873176,-0.841491187,0.037890461
miRNA_full_single_17_context1,hsa-let-7i-3p,GCAAGGCAGTAGCTTGCGCAG,TTGGAGCCAAGGGTTCAGAGACTCAGGGCCCCAGCACTAAGCAAGGCAGTAGCTTGCGCAGCTGGTAATAAGTACTGTGTACAGAATTCTGCTACCTCACT,0.03878738,0.027253981,-0.058371728,0.026810287,0.011421878,0.027392685,0.051202827,0.027982953,0.031156761,0.027405424,0.004757153,0.027924455
miRNA_full_single_18_context1,hsa-let-7i-5p,ACAGCACAAACTACTACCTCA,TTGGAGCCAAGGGTTCAGAGACTCAGGGCCCCAGCCCTAAACAGCACAAACTACTACCTCACTGGTAATAAGTACTGTGTACAGAATTCTGCTACCTCACT,-0.159863547,0.029706404,-0.985919631,0.037292057,-0.580232418,0.032776049,-0.120249987,0.02903957,-0.103598377,0.029679912,-0.773469909,0.036571339
miRNA_full_single_19_context1,hsa-miR-98-3p,GGAAAGTAGTAAGTTGTATAG,TTGGAGCCAAGGGTTCAGAGACTCAGGGCCCCAGCACTAAGGAAAGTAGTAAGTTGTATAGCTGGTAATAAGTACTGTGTACAGAATTCTGCTACCTCACT,-0.050280297,0.032516107,-0.011832383,0.031771563,-0.013155162,0.032450164,-0.029517003,0.032883757,-0.025079955,0.032567912,0.011140676,0.033018237
miRNA_full_single_20_context1,hsa-miR-98-5p,ACAATACAACTTACTACCTCA,TTGGAGCCAAGGGTTCAGAGACTCAGGGCCCCAGCCCTAAACAATACAACTTACTACCTCACTGGTAATAAGTACTGTGTACAGAATTCTGCTACCTCACT,-0.058415513,0.027098349,-0.509134913,0.0298393,-0.305208341,0.028311034,-0.097319446,0.026905437,-0.064267453,0.027233944,-0.4344298,0.030369365
miRNA_full_single_21_context1,hsa-miR-100-5p,ACAAGTTCGGATCTACGGGTT,TTGGAGCCAAGGGTTCAGAGACTCAGGGCCCCAGCCCTAAACAAGTTCGGATCTACGGGTTCTGGTAATAAGTACTGTGTACAGAATTCTGCTACCTCACT,-0.058381432,0.025359829,-0.644098781,0.028622759,-0.038186585,0.025437333,-0.053765312,0.02571917,-0.044192477,0.025444653,-0.501664599,0.028667085
miRNA_full_single_22_context1,hsa-miR-10a-5p,CAAATTCGGATCTACAGGGTA,TTGGAGCCAAGGGTTCAGAGACTCAGGGCCCCAGCACTAACAAATTCGGATCTACAGGGTACTGGTAATAAGTACTGTGTACAGAATTCTGCTACCTCACT,-0.518251395,0.032678772,-0.016858733,0.030107989,0.006196047,0.030742409,-0.110123738,0.030243418,0.005226089,0.030828225,-0.067723893,0.031042864
miRNA_full_single_23_context1,hsa-miR-125a-5p,CAGGTTAAAGGGTCTCAGGGA,TTGGAGCCAAGGGTTCAGAGACTCAGGGCCCCAGCACTAACAGGTTAAAGGGTCTCAGGGACTGGTAATAAGTACTGTGTACAGAATTCTGCTACCTCACT,0.017863288,0.0308288,-0.082691442,0.030159987,-0.155086484,0.031200295,-0.026680424,0.031225311,-0.034842208,0.030954805,-0.134238857,0.031487178
miRNA_full_single_24_context1,hsa-miR-125b-5p,CACAAGTTAGGGTCTCAGGGA,TTGGAGCCAAGGGTTCAGAGACTCAGGGCCCCAGCACTAACACAAGTTAGGGTCTCAGGGACTGGTAATAAGTACTGTGTACAGAATTCTGCTACCTCACT,0.011188586,0.026802745,-0.367209412,0.028655491,-0.030647798,0.026978324,-0.023090272,0.027279488,0.0140524,0.026929798,-0.419009611,0.029983932
miRNA_full_single_25_context1,hsa-miR-99a-5p,ACAAGATCGGATCTACGGGTT,TTGGAGCCAAGGGTTCAGAGACTCAGGGCCCCAGCCCTAAACAAGATCGGATCTACGGGTTCTGGTAATAAGTACTGTGTACAGAATTCTGCTACCTCACT,-0.139570818,0.027269137,-0.579934541,0.030191919,-0.070190855,0.027258694,-0.016454903,0.027487311,-0.048711046,0.027215085,-0.347358816,0.029516813
miRNA_full_single_26_context1,hsa-miR-99b-5p,GCAAGGTCGGTTCTACGGGTG,TTGGAGCCAAGGGTTCAGAGACTCAGGGCCCCAGCACTAAGCAAGGTCGGTTCTACGGGTGCTGGTAATAAGTACTGTGTACAGAATTCTGCTACCTCACT,-0.041084919,0.033873327,-0.154031362,0.034706399,-0.161328117,0.03393901,-0.024463277,0.034074499,-0.08781009,0.033876774,-0.173215425,0.03461647
miRNA_full_single_27_context1,hsa-miR-101-3p,TTCAGTTATCACAGTACTGTA,TTGGAGCCAAGGGTTCAGAGACTCAGGGCCCCAGCACTAATTCAGTTATCACAGTACTGTACTGGTAATAAGTACTGTGTACAGAATTCTGCTACCTCACT,-0.074666225,0.026478388,-0.075117631,0.026050069,-0.032843069,0.026544376,-0.037006602,0.026832501,-0.075711475,0.026616276,-0.084882391,0.026949253
miRNA_full_single_28_context1,hsa-miR-103a-3p,ATAGCCCTGTACAATGCTGCT,TTGGAGCCAAGGGTTCAGAGACTCAGGGCCCCAGCACTAATAGCCCTGTACAATGCTGCTCCTGGTAATAAGTACTGTGTACAGAATTCTGCTACCTCACT,-0.455646337,0.039120597,-0.257743908,0.040001447,-0.34672475,0.039284826,-0.198867816,0.038741593,-0.433317487,0.039513122,-0.416132212,0.040577672
miRNA_full_single_29_context1,hsa-miR-122-3p,ATTTAGTGTGATAATGGCGTT,TTGGAGCCAAGGGTTCAGAGACTCAGGGCCCCAGCACTAATTTAGTGTGATAATGGCGTTCCTGGTAATAAGTACTGTGTACAGAATTCTGCTACCTCACT,0.01494037,0.029864419,0.008007171,0.029646155,-0.03788984,0.029876898,0.010789762,0.030382333,0.000267707,0.029937764,0.00855894,0.03024418
miRNA_full_single_30_context1,hsa-miR-122-5p,AAACACCATTGTCACACTCCA,TTGGAGCCAAGGGTTCAGAGACTCAGGGCCCCAGCCCTAAAAACACCATTGTCACACTCCACTGGTAATAAGTACTGTGTACAGAATTCTGCTACCTCACT,0.006776175,0.024211604,-0.029691161,0.024040832,-0.023368326,0.024473741,-0.014838346,0.024804492,-0.031043903,0.024448513,-0.006626262,0.024941541
miRNA_full_single_31_context1,hsa-miR-124-3p,TGGCATTCACCGCGTGCCTTA,TTGGAGCCAAGGGTTCAGAGACTCAGGGCCCCAGCACTACTGGCATTCACCGCGTGCCTTACTGGTAATAAGTACTGTGTACAGAATTCTGCTACCTCACT,-0.009364108,0.023541661,-0.024167252,0.023355697,0.023225729,0.023646612,-0.014424609,0.024025226,0.033972553,0.023626165,-0.035809861,0.024109529
miRNA_full_single_32_context1,hsa-miR-126-3p,GCATTATTACTCACGGTACGA,TTGGAGCCAAGGGTTCAGAGACTCAGGGCCCCAGCACTAAGCATTATTACTCACGGTACGACTGGTAATAAGTACTGTGTACAGAATTCTGCTACCTCACT,-0.003819026,0.02768782,-0.020195191,0.027239046,-0.100949147,0.027981997,-0.507969409,0.030835027,-0.010881192,0.027810849,-0.053156485,0.028062002
miRNA_full_single_33_context1,hsa-miR-128-3p,AAAGAGACCGGTTCACTGTGA,TTGGAGCCAAGGGTTCAGAGACTCAGGGCCCCAGCCCTAAAAAGAGACCGGTTCACTGTGACTGGTAATAAGTACTGTGTACAGAATTCTGCTACCTCACT,-0.221919529,0.025714405,-0.169953395,0.026415972,-0.126654659,0.025693499,-0.118318868,0.025106994,-0.169287142,0.025738642,-0.166554498,0.026485868
miRNA_full_single_34_context1,hsa-miR-130a-3p,TGCCCTTTTAACATTGCACTG,TTGGAGCCAAGGGTTCAGAGACTCAGGGCCCCAGCACTACTGCCCTTTTAACATTGCACTGCTGGTAATAAGTACTGTGTACAGAATTCTGCTACCTCACT,-0.063828283,0.034308826,-0.334605623,0.035767272,-0.115836332,0.034286931,-0.087199333,0.033644399,-0.19211166,0.034510419,-0.481840527,0.037337141
miRNA_full_single_35_context1,hsa-miR-130b-3p,TGCCCTTTCATCATTGCACTG,TTGGAGCCAAGGGTTCAGAGACTCAGGGCCCCAGCACTACTGCCCTTTCATCATTGCACTGCTGGTAATAAGTACTGTGTACAGAATTCTGCTACCTCACT,-0.325449873,0.028879736,-0.134435798,0.028746178,-0.126760335,0.028541745,-0.412823156,0.030061651,-0.145895855,0.028571529,-0.259630495,0.030002805
miRNA_full_single_36_context1,hsa-miR-301a-3p,TTTGACAATACTATTGCACTG,TTGGAGCCAAGGGTTCAGAGACTCAGGGCCCCAGCACTAATTTGACAATACTATTGCACTGCTGGTAATAAGTACTGTGTACAGAATTCTGCTACCTCACT,-0.210931386,0.034504224,-0.142548721,0.034859368,-0.361947176,0.03563304,-0.10459727,0.033270017,-0.22429917,0.034584262,-0.121666781,0.034369927
miRNA_full_single_37_context1,hsa-miR-135b-5p,ACATAGGAATGAAAAGCCATA,TTGGAGCCAAGGGTTCAGAGACTCAGGGCCCCAGCACTACATAGGAATGAAAAGCCATACCCTGGTAATAAGTACTGTGTACAGAATTCTGCTACCTCACT,-0.033912212,0.031541951,-0.002907437,0.031044488,-0.00957175,0.031502618,-0.320568456,0.033692464,-0.753828032,0.036163613,0.001606444,0.031959795
miRNA_full_single_38_context1,hsa-miR-137-3p,ACGCGTATTCTTAAGCAATAA,TTGGAGCCAAGGGTTCAGAGACTCAGGGCCCCAGCCCTAAACGCGTATTCTTAAGCAATAACTGGTAATAAGTACTGTGTACAGAATTCTGCTACCTCACT,-0.057868445,0.026752186,-0.202744465,0.028129842,-0.028686784,0.02680849,-0.070057282,0.027123786,-0.033306575,0.026827164,-0.488313091,0.030263019
miRNA_full_single_39_context1,hsa-miR-142-3p,CATAAAGTAGGAAACACTACA,TTGGAGCCAAGGGTTCAGAGACTCAGGGCCCCAGCACTAACATAAAGTAGGAAACACTACACTGGTAATAAGTACTGTGTACAGAATTCTGCTACCTCACT,-0.025168553,0.032901037,-0.009152897,0.032204492,-0.019461153,0.032861419,-1.131589423,0.046723811,-0.037855591,0.032990031,-0.01352629,0.033199874
miRNA_full_single_40_context1,hsa-miR-142-5p,AGTAGTGCTTTCTACTTTATG,TTGGAGCCAAGGGTTCAGAGACTCAGGGCCCCAGCCCTAAAGTAGTGCTTTCTACTTTATGCTGGTAATAAGTACTGTGTACAGAATTCTGCTACCTCACT,-0.018149151,0.022031419,-0.040792128,0.021886352,-0.195448461,0.022751426,-0.167130557,0.022975274,-0.015927566,0.022175007,-0.057468373,0.022654214
miRNA_full_single_41_context1,hsa-miR-146a-5p,ACCCATGGAATTCAGTTCTCA,TTGGAGCCAAGGGTTCAGAGACTCAGGGCCCCAGCACTAACCCATGGAATTCAGTTCTCACCTGGTAATAAGTACTGTGTACAGAATTCTGCTACCTCACT,-0.035234028,0.028674329,-0.221371183,0.030024708,-0.026320696,0.028658206,-0.4984713,0.030965038,-0.602597076,0.031074144,-0.116482341,0.028973854
miRNA_full_single_42_context1,hsa-miR-146b-5p,GCCTATGGAATTCAGTTCTCA,TTGGAGCCAAGGGTTCAGAGACTCAGGGCCCCAGCACTAGCCTATGGAATTCAGTTCTCACCTGGTAATAAGTACTGTGTACAGAATTCTGCTACCTCACT,-0.120481876,0.032737498,-0.190683395,0.034200772,-0.090326434,0.032637273,-0.910979052,0.039447746,-0.730802142,0.036267078,-0.145655294,0.033148981
miRNA_full_single_43_context1,hsa-miR-148a-3p,CAAAGTTCTGTAGTGCACTGA,TTGGAGCCAAGGGTTCAGAGACTCAGGGCCCCAGCACTAACAAAGTTCTGTAGTGCACTGACTGGTAATAAGTACTGTGTACAGAATTCTGCTACCTCACT,-0.391648821,0.031104158,-0.068398836,0.029390983,-0.06960877,0.030305583,-0.093984641,0.02982341,-0.231682081,0.030722829,-0.076414639,0.030358821
miRNA_full_single_44_context1,hsa-miR-15a-5p,ACAAACCATTATGTGCTGCTA,TTGGAGCCAAGGGTTCAGAGACTCAGGGCCCCAGCACTAACAAACCATTATGTGCTGCTACCTGGTAATAAGTACTGTGTACAGAATTCTGCTACCTCACT,-0.43590703,0.032089351,-0.27734991,0.032534625,-0.432256348,0.033012456,-0.151163581,0.031330293,-0.103418139,0.031206577,-0.312592844,0.033185601
miRNA_full_single_45_context1,hsa-miR-15b-5p,GTAAACCATGATGTGCTGCTA,TTGGAGCCAAGGGTTCAGAGACTCAGGGCCCCAGCACTCGTAAACCATGATGTGCTGCTACCTGGTAATAAGTACTGTGTACAGAATTCTGCTACCTCACT,-0.347378055,0.027417161,-0.237700717,0.02806877,-0.283780659,0.027625909,-0.122340048,0.026450722,-0.06229762,0.026867605,-0.288539689,0.028687882
miRNA_full_single_46_context1,hsa-miR-16-5p,GCCAATATTTACGTGCTGCTA,TTGGAGCCAAGGGTTCAGAGACTCAGGGCCCCAGCACTAAGCCAATATTTACGTGCTGCTACTGGTAATAAGTACTGTGTACAGAATTCTGCTACCTCACT,-0.859072855,0.040836526,-0.711504172,0.040742098,-0.732389334,0.041144503,-0.5479342,0.040054802,-0.291846195,0.0377949,-0.741653607,0.042598601
miRNA_full_single_47_context1,hsa-miR-494-3p,AGGTTTCCCGTGTATGTTTCA,TTGGAGCCAAGGGTTCAGAGACTCAGGGCCCCAGCACTAAGGTTTCCCGTGTATGTTTCACCTGGTAATAAGTACTGTGTACAGAATTCTGCTACCTCACT,-0.036491225,0.032264309,-0.011013067,0.031471688,0.020010548,0.032116597,-0.006108043,0.032609419,0.006874695,0.032282007,0.032228491,0.032732703
miRNA_full_single_48_context1,hsa-miR-106a-3p,TAAGAAGTGCTTACATTGCAG,TTGGAGCCAAGGGTTCAGAGACTCAGGGCCCCAGCACTAATAAGAAGTGCTTACATTGCAGCTGGTAATAAGTACTGTGTACAGAATTCTGCTACCTCACT,-0.012760513,0.02835993,-0.028786958,0.027811106,-0.000876481,0.028437993,-0.031299244,0.028828554,0.002264393,0.028473048,0.016416071,0.029021061
miRNA_full_single_49_context1,hsa-miR-106a-5p,ACCTGCACTGTAAGCACTTTT,TTGGAGCCAAGGGTTCAGAGACTCAGGGCCCCAGCCCTAAACCTGCACTGTAAGCACTTTTCTGGTAATAAGTACTGTGTACAGAATTCTGCTACCTCACT,-0.972323897,0.039086666,-0.799710423,0.038973671,-0.348687403,0.036230644,-1.013609605,0.042071024,-0.93551553,0.039602872,-0.630342004,0.03909408
miRNA_full_single_50_context1,hsa-miR-106b-3p,CAGCAAGTACCCACAGTGCGG,TTGGAGCCAAGGGTTCAGAGACTCAGGGCCCCAGCACTAACAGCAAGTACCCACAGTGCGGCTGGTAATAAGTACTGTGTACAGAATTCTGCTACCTCACT,-0.037783407,0.025289431,-0.011507121,0.025022176,-0.080369742,0.025511323,0.000301836,0.025739382,-0.026538858,0.025391362,-0.059419243,0.025694346
miRNA_full_single_51_context1,hsa-miR-106b-5p,ATCTGCACTGTCAGCACTTTA,TTGGAGCCAAGGGTTCAGAGACTCAGGGCCCCAGCCCTAAATCTGCACTGTCAGCACTTTACTGGTAATAAGTACTGTGTACAGAATTCTGCTACCTCACT,-0.819542782,0.042386688,-0.721468399,0.042536085,-0.412828424,0.040592775,-0.820271023,0.044474209,-0.809893127,0.042953182,-0.671621006,0.04380835
miRNA_full_single_52_context1,hsa-miR-17-3p,TACAAGTGCCTTCACTGCAGT,TTGGAGCCAAGGGTTCAGAGACTCAGGGCCCCAGCACTAATACAAGTGCCTTCACTGCAGTCTGGTAATAAGTACTGTGTACAGAATTCTGCTACCTCACT,-0.281301406,0.032087981,-0.08195936,0.030788941,0.00441395,0.031564584,-0.330373787,0.033411534,-0.108769416,0.031775172,-0.045005011,0.031627466
miRNA_full_single_53_context1,hsa-miR-17-5p,ACCTGCACTGTAAGCACTTTG,TTGGAGCCAAGGGTTCAGAGACTCAGGGCCCCAGCCCTAAACCTGCACTGTAAGCACTTTGCTGGTAATAAGTACTGTGTACAGAATTCTGCTACCTCACT,-0.942611672,0.043199173,-0.764798457,0.043020434,-0.250524075,0.039457408,-1.017247703,0.046665825,-0.878561351,0.043521103,-0.592559343,0.043092426
miRNA_full_single_54_context1,hsa-miR-18a-3p,AGAAGGAGCACTTAGGGCAGT,TTGGAGCCAAGGGTTCAGAGACTCAGGGCCCCAGCCCTAAAGAAGGAGCACTTAGGGCAGTCTGGTAATAAGTACTGTGTACAGAATTCTGCTACCTCACT,-0.058460492,0.031939591,-0.012733471,0.031286858,-0.012727158,0.031944383,-0.041091593,0.032435066,-0.028633234,0.032029692,0.005445827,0.03259525
miRNA_full_single_55_context1,hsa-miR-18a-5p,ATCTGCACTAGATGCACCTTA,TTGGAGCCAAGGGTTCAGAGACTCAGGGCCCCAGCACTATCTGCACTAGATGCACCTTACCCTGGTAATAAGTACTGTGTACAGAATTCTGCTACCTCACT,-1.178515031,0.043207476,-0.687468124,0.039895004,-0.203217652,0.036720715,-1.043301151,0.044668723,-0.830969247,0.040641806,-0.307793402,0.038561563
miRNA_full_single_56_context1,hsa-miR-18b-3p,CCAGAAGGGGCATTTAGGGCA,TTGGAGCCAAGGGTTCAGAGACTCAGGGCCCCAGCACTAACCAGAAGGGGCATTTAGGGCACTGGTAATAAGTACTGTGTACAGAATTCTGCTACCTCACT,-0.018704466,0.035868928,-0.023168739,0.034520173,-0.006678304,0.035639773,-0.027769575,0.036065136,-0.009689417,0.035868392,-0.032902845,0.035612837
miRNA_full_single_57_context1,hsa-miR-18b-5p,AACTGCACTAGATGCACCTTA,TTGGAGCCAAGGGTTCAGAGACTCAGGGCCCCAGCACTAACTGCACTAGATGCACCTTACCCTGGTAATAAGTACTGTGTACAGAATTCTGCTACCTCACT,-0.962350446,0.037004763,-0.566357528,0.034991177,-0.161900268,0.032456049,-0.993059572,0.040582223,-0.684223384,0.035655455,-0.256271124,0.034208446
miRNA_full_single_58_context1,hsa-miR-20a-3p,TTTAAGTGCTCATAATGCAGT,TTGGAGCCAAGGGTTCAGAGACTCAGGGCCCCAGCACTTTTAAGTGCTCATAATGCAGTCCCTGGTAATAAGTACTGTGTACAGAATTCTGCTACCTCACT,-0.023268534,0.025088893,-0.007119755,0.024889023,-0.165572736,0.02557909,-0.035509371,0.025463272,-0.031884428,0.025216935,-0.023407844,0.025523919
miRNA_full_single_59_context1,hsa-miR-20a-5p,ACCTGCACTATAAGCACTTTA,TTGGAGCCAAGGGTTCAGAGACTCAGGGCCCCAGCCCTAAACCTGCACTATAAGCACTTTACTGGTAATAAGTACTGTGTACAGAATTCTGCTACCTCACT,-1.044248243,0.040040218,-0.852679265,0.039775939,-0.377234738,0.036936108,-1.193919783,0.045307216,-0.999969884,0.040541418,-0.72209617,0.040293433
miRNA_full_single_60_context1,hsa-miR-20b-3p,TGGAAGTGCCCATACTACAGT,TTGGAGCCAAGGGTTCAGAGACTCAGGGCCCCAGCACTACTGGAAGTGCCCATACTACAGTCTGGTAATAAGTACTGTGTACAGAATTCTGCTACCTCACT,0.00077372,0.028637321,-0.041111623,0.027947739,0.023402789,0.028649561,-0.031015366,0.029022076,-0.001492412,0.028740723,-0.003898743,0.029079229
miRNA_full_single_61_context1,hsa-miR-20b-5p,ACCTGCACTATGAGCACTTTG,TTGGAGCCAAGGGTTCAGAGACTCAGGGCCCCAGCCCTAAACCTGCACTATGAGCACTTTGCTGGTAATAAGTACTGTGTACAGAATTCTGCTACCTCACT,-0.654616888,0.032803198,-0.527061543,0.03283353,-0.137548122,0.030553172,-0.748107054,0.035594721,-0.594153233,0.033053219,-0.391572518,0.032789162
miRNA_full_single_62_context1,hsa-miR-93-3p,GGGAAGTGCTAGCTCAGCAGT,TTGGAGCCAAGGGTTCAGAGACTCAGGGCCCCAGCACTAAGGGAAGTGCTAGCTCAGCAGTCTGGTAATAAGTACTGTGTACAGAATTCTGCTACCTCACT,0.050886188,0.024591477,0.006203212,0.024700953,0.054361197,0.024735207,0.031336237,0.025295863,-0.015881079,0.024840205,0.007970631,0.025351079
miRNA_full_single_63_context1,hsa-miR-93-5p,ACCTGCACGAACAGCACTTTG,TTGGAGCCAAGGGTTCAGAGACTCAGGGCCCCAGCCCTAAACCTGCACGAACAGCACTTTGCTGGTAATAAGTACTGTGTACAGAATTCTGCTACCTCACT,-0.681028931,0.035736111,-0.554739863,0.03568861,-0.355044863,0.034424191,-0.62385422,0.03678868,-0.622169903,0.035981902,-0.507131654,0.036323678
miRNA_full_single_64_context1,hsa-miR-181a-5p,TCACCGACAGCGTTGAATGTT,TTGGAGCCAAGGGTTCAGAGACTCAGGGCCCCAGCACTATCACCGACAGCGTTGAATGTTCCTGGTAATAAGTACTGTGTACAGAATTCTGCTACCTCACT,-0.354533287,0.032423276,-0.508594635,0.034261117,-0.27218092,0.032525954,-0.033869735,0.031970521,-0.083516914,0.031778974,-0.451123708,0.034835747
miRNA_full_single_65_context1,hsa-miR-181b-5p,CCACCGACAGCAATGAATGTT,TTGGAGCCAAGGGTTCAGAGACTCAGGGCCCCAGCACTAACCACCGACAGCAATGAATGTTCTGGTAATAAGTACTGTGTACAGAATTCTGCTACCTCACT,-0.418534748,0.035780566,-0.524689981,0.037662528,-0.226639282,0.035254336,-0.053563083,0.034806301,-0.111251362,0.034789972,-0.436549445,0.037980649
miRNA_full_single_66_context1,hsa-miR-19a-3p,AGTTTTGCATAGATTTGCACA,TTGGAGCCAAGGGTTCAGAGACTCAGGGCCCCAGCCCTAAAGTTTTGCATAGATTTGCACACTGGTAATAAGTACTGTGTACAGAATTCTGCTACCTCACT,-1.072849929,0.041836415,-0.750662206,0.04045769,-0.71988981,0.040513875,-1.041860222,0.044433566,-0.73632527,0.0402544,-0.53858113,0.040063532
miRNA_full_single_67_context1,hsa-miR-19b-3p,AGTTTTGCATGGATTTGCACA,TTGGAGCCAAGGGTTCAGAGACTCAGGGCCCCAGCACTAGTTTTGCATGGATTTGCACACCCTGGTAATAAGTACTGTGTACAGAATTCTGCTACCTCACT,-1.131583108,0.045322488,-0.867338407,0.044359308,-0.776187121,0.043939585,-1.11146234,0.048167382,-0.916247995,0.044293402,-0.797901966,0.045466032
miRNA_full_single_68_context1,hsa-miR-192-5p,GGCTGTCAATTCATAGGTCAG,TTGGAGCCAAGGGTTCAGAGACTCAGGGCCCCAGCACTAAGGCTGTCAATTCATAGGTCAGCTGGTAATAAGTACTGTGTACAGAATTCTGCTACCTCACT,-0.07010026,0.028962425,-0.020790009,0.028298972,-0.022277891,0.028929344,-0.080884083,0.028957044,-0.484516597,0.03081476,-0.008685464,0.029251755
miRNA_full_single_69_context1,hsa-miR-193b-3p,GCGGGACTTTGAGGGCCAGTT,TTGGAGCCAAGGGTTCAGAGACTCAGGGCCCCAGCACTAAGCGGGACTTTGAGGGCCAGTTCTGGTAATAAGTACTGTGTACAGAATTCTGCTACCTCACT,-0.075978956,0.030241613,-0.433946488,0.032235123,-0.243249826,0.03090139,-0.058155735,0.030475683,-0.292096439,0.030952567,-0.081869056,0.030369464
miRNA_full_single_70_context1,hsa-miR-194-5p,CCACATGGAGTTGCTGTTACA,TTGGAGCCAAGGGTTCAGAGACTCAGGGCCCCAGCACTACCACATGGAGTTGCTGTTACACCTGGTAATAAGTACTGTGTACAGAATTCTGCTACCTCACT,-0.302309349,0.031443062,-0.10319182,0.030546281,-0.133813881,0.031108409,-0.190375751,0.031667621,-0.902324117,0.036144142,-0.127445289,0.031329709
miRNA_full_single_71_context1,hsa-miR-196a-5p,CCAACAACATGAAACTACCTA,TTGGAGCCAAGGGTTCAGAGACTCAGGGCCCCAGCACTCCAACAACATGAAACTACCTACCCTGGTAATAAGTACTGTGTACAGAATTCTGCTACCTCACT,-0.331245613,0.029071463,-0.391321101,0.030280257,-0.022265463,0.02836043,-0.070813335,0.028655442,-0.018484419,0.028384442,-0.010352882,0.028747263
miRNA_full_single_72_context1,hsa-miR-196b-5p,CCAACAACAGGAAACTACCTA,TTGGAGCCAAGGGTTCAGAGACTCAGGGCCCCAGCACTAACCAACAACAGGAAACTACCTACTGGTAATAAGTACTGTGTACAGAATTCTGCTACCTCACT,-0.583028259,0.035454127,-0.134599672,0.033538044,-0.013229173,0.03292609,-0.003670608,0.033532918,0.010958858,0.03303341,-0.020426792,0.033238719
miRNA_full_single_73_context1,hsa-miR-199a-5p,ACAGGTAGTCTGAACACTGGG,TTGGAGCCAAGGGTTCAGAGACTCAGGGCCCCAGCCCTAAACAGGTAGTCTGAACACTGGGCTGGTAATAAGTACTGTGTACAGAATTCTGCTACCTCACT,-0.022367728,0.021746287,0.007637676,0.021803443,0.002528799,0.021876726,-0.047171873,0.022190663,-0.040335207,0.021914914,-0.117150214,0.022576285
miRNA_full_single_74_context1,hsa-miR-203a-3p,TAGTGGTCCTAAACATTTCAC,TTGGAGCCAAGGGTTCAGAGACTCAGGGCCCCAGCACTAATAGTGGTCCTAAACATTTCACCTGGTAATAAGTACTGTGTACAGAATTCTGCTACCTCACT,-0.00077372,0.028999761,-0.039751784,0.028248827,-0.232453413,0.029652073,-0.029605982,0.029338443,0.007767498,0.029081607,0.012849314,0.029477216
miRNA_full_single_75_context1,hsa-miR-205-5p,AGACTCCGGTGGAATGAAGGA,TTGGAGCCAAGGGTTCAGAGACTCAGGGCCCCAGCACTAAGACTCCGGTGGAATGAAGGACCTGGTAATAAGTACTGTGTACAGAATTCTGCTACCTCACT,-0.066106213,0.032383033,-0.012986704,0.031591461,-0.043892947,0.032335413,-0.067477319,0.032459038,-0.049161035,0.032425729,-0.019492599,0.03257458
miRNA_full_single_76_context1,hsa-miR-21-3p,ACAGCCCATCGACTGGTGTTG,TTGGAGCCAAGGGTTCAGAGACTCAGGGCCCCAGCCCTAAACAGCCCATCGACTGGTGTTGCTGGTAATAAGTACTGTGTACAGAATTCTGCTACCTCACT,0.016750912,0.024662376,-0.095316942,0.024706351,-0.164877065,0.025275226,-0.018331137,0.025163452,-0.085850334,0.024967189,-0.072276499,0.025265161
miRNA_full_single_77_context1,hsa-miR-21-5p,CAACATCAGTCTGATAAGCTA,TTGGAGCCAAGGGTTCAGAGACTCAGGGCCCCAGCACTAACAACATCAGTCTGATAAGCTACTGGTAATAAGTACTGTGTACAGAATTCTGCTACCTCACT,-0.741415245,0.055408567,-1.346216564,0.064442647,-1.48200494,0.068085273,-1.090988566,0.060366563,-1.529154903,0.068180508,-1.19359287,0.064395857
miRNA_full_single_78_context1,hsa-miR-210-3p,CAGCCGCTGTCACACGCACAG,TTGGAGCCAAGGGTTCAGAGACTCAGGGCCCCAGCACTAACAGCCGCTGTCACACGCACAGCTGGTAATAAGTACTGTGTACAGAATTCTGCTACCTCACT,-0.048739928,0.028357863,-0.068841551,0.027722302,-0.072944147,0.028499034,-0.09675527,0.02806845,-0.085434277,0.028521313,-0.113136039,0.028891329
miRNA_full_single_79_context1,hsa-miR-214-3p,CTGCCTGTCTGTGCCTGCTGT,TTGGAGCCAAGGGTTCAGAGACTCAGGGCCCCAGCACTAACTGCCTGTCTGTGCCTGCTGTCTGGTAATAAGTACTGTGTACAGAATTCTGCTACCTCACT,-0.021871893,0.031259712,-0.018777845,0.030409734,0.040114414,0.031136982,0.016970608,0.031759941,0.007124316,0.031285253,-0.31511425,0.032914626
miRNA_full_single_80_context1,hsa-miR-218-5p,ACATGGTTAGATCAAGCACAA,TTGGAGCCAAGGGTTCAGAGACTCAGGGCCCCAGCACTACATGGTTAGATCAAGCACAACCCTGGTAATAAGTACTGTGTACAGAATTCTGCTACCTCACT,-0.824214256,0.040171148,-0.013004236,0.035221779,-0.019968056,0.036150739,-0.097277373,0.035315489,0.001797022,0.036385276,-0.480353432,0.039519517
miRNA_full_single_81_context1,hsa-miR-22-3p,CAGTTCTTCAACTGGCAGCTT,TTGGAGCCAAGGGTTCAGAGACTCAGGGCCCCAGCACTAACAGTTCTTCAACTGGCAGCTTCTGGTAATAAGTACTGTGTACAGAATTCTGCTACCTCACT,-0.336831397,0.034636612,-0.825456064,0.038397426,-0.330386684,0.035093994,-0.35571607,0.035798516,-0.619312634,0.036772613,-0.5530746,0.03749633
miRNA_full_single_82_context1,hsa-miR-221-3p,AACCCAGCAGACAATGTAGCT,TTGGAGCCAAGGGTTCAGAGACTCAGGGCCCCAGCCCTAAACCCAGCAGACAATGTAGCTCCTGGTAATAAGTACTGTGTACAGAATTCTGCTACCTCACT,-0.473017266,0.030362624,-0.399985257,0.030925481,-0.076476325,0.029085121,-0.078011886,0.029104052,-0.380942271,0.030307425,-0.290608262,0.031320913
miRNA_full_single_83_context1,hsa-miR-222-3p,ACCCAGTAGCCAGATGTAGCT,TTGGAGCCAAGGGTTCAGAGACTCAGGGCCCCAGCACTAACCCAGTAGCCAGATGTAGCTCCTGGTAATAAGTACTGTGTACAGAATTCTGCTACCTCACT,-0.446436551,0.032179447,-0.327743871,0.032558388,-0.071077563,0.031145643,-0.02545787,0.031417657,-0.351594682,0.03207796,-0.217985354,0.032754714
miRNA_full_single_84_context1,hsa-miR-223-3p,GGGGTATTTGACAAACTGACA,TTGGAGCCAAGGGTTCAGAGACTCAGGGCCCCAGCACTAAGGGGTATTTGACAAACTGACACTGGTAATAAGTACTGTGTACAGAATTCTGCTACCTCACT,-0.013090817,0.031426497,-0.049683312,0.030465285,-0.005880511,0.031429462,-0.426159612,0.034145581,-0.033277263,0.031547781,-0.053626904,0.031651122
miRNA_full_single_85_context1,hsa-miR-224-5p,ACGGAACCACTAGTGACTTGA,TTGGAGCCAAGGGTTCAGAGACTCAGGGCCCCAGCCCTAAACGGAACCACTAGTGACTTGACTGGTAATAAGTACTGTGTACAGAATTCTGCTACCTCACT,-0.081475277,0.026364599,-0.38510194,0.028063518,-0.025379367,0.026386028,-0.223290054,0.027541613,-0.251359778,0.026968133,-0.070963017,0.026699958
miRNA_full_single_86_context1,hsa-miR-23a-3p,GGAAATCCCTGGCAATGTGAT,TTGGAGCCAAGGGTTCAGAGACTCAGGGCCCCAGCACTGGAAATCCCTGGCAATGTGATCCCTGGTAATAAGTACTGTGTACAGAATTCTGCTACCTCACT,-0.140863898,0.032363878,-0.781063389,0.0362557,-0.436983421,0.034048917,-0.227232633,0.033298993,-0.523988484,0.034193671,-0.646337266,0.036643939
miRNA_full_single_87_context1,hsa-miR-24-3p,TGTTCCTGCTGAACTGAGCCA,TTGGAGCCAAGGGTTCAGAGACTCAGGGCCCCAGCACTACTGTTCCTGCTGAACTGAGCCACTGGTAATAAGTACTGTGTACAGAATTCTGCTACCTCACT,-0.24403061,0.037024769,-0.840866214,0.042189961,-0.449860279,0.039079558,-0.212883528,0.037725394,-0.681023373,0.040497274,-0.683931688,0.042541382
miRNA_full_single_88_context1,hsa-miR-25-3p,CAGACCGAGACAAGTGCAATG,TTGGAGCCAAGGGTTCAGAGACTCAGGGCCCCAGCACTAACAGACCGAGACAAGTGCAATGCTGGTAATAAGTACTGTGTACAGAATTCTGCTACCTCACT,-1.006483949,0.049807493,-0.802610801,0.049465731,-0.425415857,0.04715697,-1.132752082,0.054882914,-0.799124857,0.049342165,-0.747090911,0.050962837
miRNA_full_single_89_context1,hsa-miR-92a-3p,CAGGCCGGGACAAGTGCAATA,TTGGAGCCAAGGGTTCAGAGACTCAGGGCCCCAGCACTAACAGGCCGGGACAAGTGCAATACTGGTAATAAGTACTGTGTACAGAATTCTGCTACCTCACT,-1.008486518,0.057434696,-0.86990749,0.057685584,-0.426064973,0.054867053,-1.172272256,0.063337577,-0.996709507,0.058307561,-0.68237249,0.058316199
miRNA_full_single_90_context1,hsa-miR-26a-5p,GCCTATCCTGGATTACTTGAA,TTGGAGCCAAGGGTTCAGAGACTCAGGGCCCCAGCACTAAGCCTATCCTGGATTACTTGAACTGGTAATAAGTACTGTGTACAGAATTCTGCTACCTCACT,-0.773430461,0.042331247,-0.721157737,0.042683921,-0.516029477,0.041737319,-0.632231378,0.042806418,-0.925895869,0.043935682,-0.815119481,0.04540266
miRNA_full_single_91_context1,hsa-miR-26b-5p,ACCTATCCTGAATTACTTGAA,TTGGAGCCAAGGGTTCAGAGACTCAGGGCCCCAGCCCTAAACCTATCCTGAATTACTTGAACTGGTAATAAGTACTGTGTACAGAATTCTGCTACCTCACT,-0.646391542,0.040356497,-0.690871277,0.041472041,-0.516541031,0.040652273,-0.483445309,0.040230998,-0.887807705,0.04268673,-0.685042724,0.043145334
miRNA_full_single_92_context1,hsa-miR-27a-3p,GCGGAACTTAGCCACTGTGAA,TTGGAGCCAAGGGTTCAGAGACTCAGGGCCCCAGCACTAAGCGGAACTTAGCCACTGTGAACTGGTAATAAGTACTGTGTACAGAATTCTGCTACCTCACT,-0.565760448,0.045187779,-0.974989777,0.048910657,-0.659567601,0.04716725,-0.575997698,0.04648884,-0.883847904,0.047657199,-0.875203993,0.049760485
miRNA_full_single_93_context1,hsa-miR-27b-3p,GCAGAACTTAGCCACTGTGAA,TTGGAGCCAAGGGTTCAGAGACTCAGGGCCCCAGCACTAAGCAGAACTTAGCCACTGTGAACTGGTAATAAGTACTGTGTACAGAATTCTGCTACCTCACT,-0.419264962,0.04082304,-1.023172079,0.04648445,-0.549856875,0.043055543,-0.442730933,0.041978887,-0.844944583,0.044195217,-0.900940403,0.047057541
miRNA_full_single_94_context1,hsa-miR-28-5p,TCAATAGACTGTGAGCTCCTT,TTGGAGCCAAGGGTTCAGAGACTCAGGGCCCCAGCACTAATCAATAGACTGTGAGCTCCTTCTGGTAATAAGTACTGTGTACAGAATTCTGCTACCTCACT,-0.05365497,0.030956099,-0.106456209,0.030662492,-0.042342998,0.030931225,-0.07337378,0.03098649,-0.074723487,0.031040745,-0.085731038,0.031060575
miRNA_full_single_95_context1,hsa-miR-29a-3p,AACCGATTTCAGATGGTGCTA,TTGGAGCCAAGGGTTCAGAGACTCAGGGCCCCAGCCCTAAAACCGATTTCAGATGGTGCTACTGGTAATAAGTACTGTGTACAGAATTCTGCTACCTCACT,-0.414360032,0.033626909,-0.888396216,0.037437831,-0.340722165,0.033876637,-0.229425748,0.033902459,-0.901203813,0.037017975,-0.601765078,0.036473069
miRNA_full_single_96_context1,hsa-miR-29b-3p,CACTGATTTCAAATGGTGCTA,TTGGAGCCAAGGGTTCAGAGACTCAGGGCCCCAGCACTAACACTGATTTCAAATGGTGCTACTGGTAATAAGTACTGTGTACAGAATTCTGCTACCTCACT,-0.402340653,0.039516607,-0.686018417,0.043035581,-0.364604468,0.040243273,-0.164420815,0.038650073,-0.761393974,0.043500108,-0.43669905,0.041857039
miRNA_full_single_97_context1,hsa-miR-29c-3p,AACCGATTTCAAATGGTGCTA,TTGGAGCCAAGGGTTCAGAGACTCAGGGCCCCAGCCCTAAAACCGATTTCAAATGGTGCTACTGGTAATAAGTACTGTGTACAGAATTCTGCTACCTCACT,-0.49484588,0.039544811,-0.585443934,0.041115954,-0.275926749,0.038868659,-0.218919194,0.039287003,-0.61503803,0.041281215,-0.431785695,0.040817605
miRNA_full_single_98_context1,hsa-miR-30a-5p,TTCCAGTCGAGGATGTTTACA,TTGGAGCCAAGGGTTCAGAGACTCAGGGCCCCAGCACTAATTCCAGTCGAGGATGTTTACACTGGTAATAAGTACTGTGTACAGAATTCTGCTACCTCACT,-0.622904415,0.044193678,-0.75188911,0.045661654,-0.144585033,0.041586232,-0.417416247,0.043730718,-0.427134266,0.043177536,-0.449733548,0.04441066
miRNA_full_single_99_context1,hsa-miR-30b-5p,GCTGAGTGTAGGATGTTTACA,TTGGAGCCAAGGGTTCAGAGACTCAGGGCCCCAGCACTAAGCTGAGTGTAGGATGTTTACACTGGTAATAAGTACTGTGTACAGAATTCTGCTACCTCACT,-0.779497386,0.035110209,-0.679334278,0.035305583,-0.28555997,0.032709218,-0.535526752,0.034681928,-0.765629205,0.035669602,-0.637424399,0.036445567
miRNA_full_single_100_context1,hsa-miR-30c-5p,TGAGAGTGTAGGATGTTTACA,TTGGAGCCAAGGGTTCAGAGACTCAGGGCCCCAGCACTACTGAGAGTGTAGGATGTTTACACTGGTAATAAGTACTGTGTACAGAATTCTGCTACCTCACT,-0.791781334,0.038869547,-0.727573262,0.039321424,-0.23814884,0.035817235,-0.536614645,0.038281392,-0.717022903,0.039055729,-0.560717119,0.039284371
miRNA_full_single_101_context1,hsa-miR-30e-5p,TTCCAGTCAAGGATGTTTACA,TTGGAGCCAAGGGTTCAGAGACTCAGGGCCCCAGCACTAATTCCAGTCAAGGATGTTTACACTGGTAATAAGTACTGTGTACAGAATTCTGCTACCTCACT,-0.747500426,0.042438454,-0.57782161,0.041929538,-0.27041589,0.039393092,-0.567460161,0.042373529,-0.661010961,0.042531833,-0.498403458,0.042367291
miRNA_full_single_102_context1,hsa-miR-302a-3p,ACCAAAACATGGAAGCACTTA,TTGGAGCCAAGGGTTCAGAGACTCAGGGCCCCAGCACTACCAAAACATGGAAGCACTTACCCTGGTAATAAGTACTGTGTACAGAATTCTGCTACCTCACT,-0.002160461,0.028238195,-0.04823333,0.027610227,0.000876481,0.028309079,-0.024543902,0.0286894,-0.000267707,0.028356402,-0.013811581,0.028712709
miRNA_full_single_103_context1,hsa-miR-302a-5p,CAAGTACATCCACGTTTAAGT,TTGGAGCCAAGGGTTCAGAGACTCAGGGCCCCAGCACTAACAAGTACATCCACGTTTAAGTCTGGTAATAAGTACTGTGTACAGAATTCTGCTACCTCACT,-0.016880766,0.025853428,-0.006236158,0.025671625,-0.012415252,0.025985759,-0.021730127,0.026320696,-0.004578582,0.025973907,-0.024077115,0.026379443
miRNA_full_single_104_context1,hsa-miR-31-3p,TGGCAATATGTTGGCATAGCA,TTGGAGCCAAGGGTTCAGAGACTCAGGGCCCCAGCACTCTGGCAATATGTTGGCATAGCACCTGGTAATAAGTACTGTGTACAGAATTCTGCTACCTCACT,-0.064696326,0.025876731,-0.495362665,0.028573477,0.01425155,0.025883194,-0.023510408,0.026269818,-0.003380516,0.025916568,0.008418563,0.026426709
miRNA_full_single_105_context1,hsa-miR-31-5p,AGCTATGCCAGCATCTTGCCT,TTGGAGCCAAGGGTTCAGAGACTCAGGGCCCCAGCACTAAGCTATGCCAGCATCTTGCCTCCTGGTAATAAGTACTGTGTACAGAATTCTGCTACCTCACT,-0.164058978,0.025179336,-0.936727753,0.032614134,-0.035524837,0.025080073,-0.000301836,0.025412675,-0.038473438,0.025059068,-0.001606444,0.02547981
miRNA_full_single_106_context1,hsa-miR-320a-3p,CGCCCTCTCAACCCAGCTTTT,TTGGAGCCAAGGGTTCAGAGACTCAGGGCCCCAGCACTAACGCCCTCTCAACCCAGCTTTTCTGGTAATAAGTACTGTGTACAGAATTCTGCTACCTCACT,-0.546882424,0.034534888,-0.671671446,0.036220127,-0.447172849,0.034954003,-0.456257507,0.035067474,-0.616675573,0.035702634,-0.636036943,0.037357816
miRNA_full_single_107_context1,hsa-miR-424-5p,TCAAAACATGAATTGCTGCTG,TTGGAGCCAAGGGTTCAGAGACTCAGGGCCCCAGCACTATCAAAACATGAATTGCTGCTGCCTGGTAATAAGTACTGTGTACAGAATTCTGCTACCTCACT,-0.073969114,0.032258168,-0.054962608,0.031011281,-0.052057386,0.032129292,-0.023288816,0.032452092,-0.013546672,0.03224074,-0.10783492,0.032188241
miRNA_full_single_108_context1,hsa-miR-324-3p,AGCAGCACCTGGGGCAGTGGG,TTGGAGCCAAGGGTTCAGAGACTCAGGGCCCCAGCCCTAAAGCAGCACCTGGGGCAGTGGGCTGGTAATAAGTACTGTGTACAGAATTCTGCTACCTCACT,0.028728092,0.023711333,0.003874873,0.023768154,-0.009580311,0.023923924,0.025753823,0.024323818,0.019893066,0.023863817,-0.013136702,0.02434133
miRNA_full_single_109_context1,hsa-miR-329-3p,AAGAGGTTAACCAGGTGTGTT,TTGGAGCCAAGGGTTCAGAGACTCAGGGCCCCAGCCCTAAAAGAGGTTAACCAGGTGTGTTCTGGTAATAAGTACTGTGTACAGAATTCTGCTACCTCACT,-0.032897677,0.025554327,-0.043856752,0.025067058,-0.02411982,0.02562885,-0.040911754,0.025875726,-0.052067547,0.025675893,-0.04144691,0.025869484
miRNA_full_single_110_context1,hsa-miR-34a-3p,GGGCAGTATACTTGCTGATTG,TTGGAGCCAAGGGTTCAGAGACTCAGGGCCCCAGCACTAAGGGCAGTATACTTGCTGATTGCTGGTAATAAGTACTGTGTACAGAATTCTGCTACCTCACT,-0.014302526,0.032911303,0.000960535,0.032371571,-0.009337306,0.032791421,0.020945652,0.033535374,-0.03103685,0.032946391,-0.011211884,0.033034398
miRNA_full_single_111_context1,hsa-miR-34a-5p,CAACCAGCTAAGACACTGCCA,TTGGAGCCAAGGGTTCAGAGACTCAGGGCCCCAGCACTAACAACCAGCTAAGACACTGCCACTGGTAATAAGTACTGTGTACAGAATTCTGCTACCTCACT,-0.618216737,0.040424428,-0.286407727,0.039762756,-0.277375701,0.038648452,-0.024573207,0.038172501,-0.746876406,0.042257041,-0.468407538,0.041185909
miRNA_full_single_112_context1,hsa-miR-34b-3p,TGGCAGTGGAGTTAGTGATTG,TTGGAGCCAAGGGTTCAGAGACTCAGGGCCCCAGCACTACTGGCAGTGGAGTTAGTGATTGCTGGTAATAAGTACTGTGTACAGAATTCTGCTACCTCACT,-0.010858203,0.026730261,-0.003338928,0.026496145,-0.009077515,0.026800228,-0.02379217,0.027107015,-0.018002482,0.026840563,-0.010279784,0.027149935
miRNA_full_single_113_context1,hsa-miR-34b-5p,ATCAGCTAATGACACTGCCTA,TTGGAGCCAAGGGTTCAGAGACTCAGGGCCCCAGCACTATCAGCTAATGACACTGCCTACCCTGGTAATAAGTACTGTGTACAGAATTCTGCTACCTCACT,-0.092956112,0.027443287,-0.0797374,0.026916549,-0.01672063,0.027407809,-0.046877569,0.027735232,-0.074353849,0.027517551,-0.092854349,0.027782915
miRNA_full_single_114_context1,hsa-miR-34c-3p,CTGGCCGTGTGGTTAGTGATT,TTGGAGCCAAGGGTTCAGAGACTCAGGGCCCCAGCACTAACTGGCCGTGTGGTTAGTGATTCTGGTAATAAGTACTGTGTACAGAATTCTGCTACCTCACT,-0.062372819,0.03254098,-0.005210015,0.031856232,-0.003145647,0.032395961,-0.045465054,0.032706881,-0.025584536,0.032544603,-0.061475596,0.032406894
miRNA_full_single_115_context1,hsa-miR-34c-5p,AATCAGCTAACTACACTGCCT,TTGGAGCCAAGGGTTCAGAGACTCAGGGCCCCAGCCCTAAAATCAGCTAACTACACTGCCTCTGGTAATAAGTACTGTGTACAGAATTCTGCTACCTCACT,-0.044529202,0.02556846,-0.051979023,0.025159902,-0.008533851,0.025665091,0.001295665,0.026085631,-0.060320298,0.025749468,-0.077360887,0.026152283
miRNA_full_single_116_context1,hsa-miR-342-3p,GGGTGCGATTTCTGTGTGAGA,TTGGAGCCAAGGGTTCAGAGACTCAGGGCCCCAGCACTAAGGGTGCGATTTCTGTGTGAGACTGGTAATAAGTACTGTGTACAGAATTCTGCTACCTCACT,-0.27747003,0.029909767,-0.047524683,0.028618634,-0.171175974,0.029788728,-0.137634883,0.029425742,-0.162612038,0.02973238,-0.18514587,0.030585548
miRNA_full_single_117_context1,hsa-miR-363-3p,ACAGATGGATACCGTGCAATT,TTGGAGCCAAGGGTTCAGAGACTCAGGGCCCCAGCACTAACAGATGGATACCGTGCAATTCCTGGTAATAAGTACTGTGTACAGAATTCTGCTACCTCACT,-0.087407364,0.029348639,-0.063523538,0.028571351,-0.011208996,0.029304062,-0.151754646,0.029926851,-0.016675662,0.029351779,-0.113513556,0.029938705
miRNA_full_single_118_context1,hsa-miR-365a-3p,TAAGGATTTTTAGGGGCATTA,TTGGAGCCAAGGGTTCAGAGACTCAGGGCCCCAGCACTAATAAGGATTTTTAGGGGCATTACTGGTAATAAGTACTGTGTACAGAATTCTGCTACCTCACT,-0.295691143,0.037989702,-0.424665118,0.03935567,-0.366173116,0.038913349,-0.109947078,0.036238727,-0.295987047,0.038074428,-0.204871641,0.038973681
miRNA_full_single_119_context1,hsa-miR-374a-5p,ACTTATCAGGTTGTATTATAA,TTGGAGCCAAGGGTTCAGAGACTCAGGGCCCCAGCCCTAAACTTATCAGGTTGTATTATAACTGGTAATAAGTACTGTGTACAGAATTCTGCTACCTCACT,-0.828141103,0.03414979,-0.673050557,0.034025013,-0.376790173,0.032225085,-0.49177691,0.03314059,-0.726544207,0.034160905,-0.693165342,0.035702564
miRNA_full_single_120_context1,hsa-miR-374b-5p,ACTTAGCAGGTTGTATTATAT,TTGGAGCCAAGGGTTCAGAGACTCAGGGCCCCAGCCCTAAACTTAGCAGGTTGTATTATATCTGGTAATAAGTACTGTGTACAGAATTCTGCTACCTCACT,-0.620535961,0.033041772,-0.350169473,0.032365071,-0.260311207,0.031589277,-0.305906795,0.032669303,-0.462023747,0.032538499,-0.441029545,0.033618464
miRNA_full_single_121_context1,hsa-miR-375-3p,CACGCGAGCCGAACGAACAAA,TTGGAGCCAAGGGTTCAGAGACTCAGGGCCCCAGCACTAACACGCGAGCCGAACGAACAAACTGGTAATAAGTACTGTGTACAGAATTCTGCTACCTCACT,-0.030776861,0.030537563,-0.085982908,0.030087244,-0.093440099,0.03086203,-0.066037461,0.030994361,-0.021157346,0.030672589,-0.064961028,0.031022118
miRNA_full_single_122_context1,hsa-miR-378a-3p,CCTTCTGACTCCAAGTCCAGT,TTGGAGCCAAGGGTTCAGAGACTCAGGGCCCCAGCACTAACCTTCTGACTCCAAGTCCAGTCTGGTAATAAGTACTGTGTACAGAATTCTGCTACCTCACT,-0.465273959,0.027469614,-0.222939666,0.027577997,-0.141531881,0.026535929,-0.368038763,0.028240553,-0.057839245,0.026273592,-0.091996025,0.026649441
miRNA_full_single_123_context1,hsa-miR-425-5p,AACGGGAGTGATCGTGTCATT,TTGGAGCCAAGGGTTCAGAGACTCAGGGCCCCAGCCCTAAAACGGGAGTGATCGTGTCATTCTGGTAATAAGTACTGTGTACAGAATTCTGCTACCTCACT,-0.366546877,0.027967236,-0.314981088,0.028508165,-0.341385453,0.028387287,-0.38575657,0.028968478,-0.524750403,0.029142061,-0.440524013,0.029720385
miRNA_full_single_124_context1,hsa-miR-512-3p,ACCTCAGCTATGACAGCACTT,TTGGAGCCAAGGGTTCAGAGACTCAGGGCCCCAGCCCTAAACCTCAGCTATGACAGCACTTCTGGTAATAAGTACTGTGTACAGAATTCTGCTACCTCACT,-0.374062324,0.036086659,-0.072515167,0.03380252,-0.135061621,0.03528245,-0.110650691,0.034214503,-0.239851884,0.03567757,-0.189813159,0.036784306
miRNA_full_single_125_context1,hsa-miR-512-5p,AAGTGCCCTCAAGGCTGAGTG,TTGGAGCCAAGGGTTCAGAGACTCAGGGCCCCAGCCCTAAAAGTGCCCTCAAGGCTGAGTGCTGGTAATAAGTACTGTGTACAGAATTCTGCTACCTCACT,-0.022767944,0.022517166,-0.000960535,0.022490692,-0.013753102,0.022669648,0.002357315,0.022988394,-0.037076199,0.022677385,-0.018772633,0.023056046
miRNA_full_single_126_context1,hsa-miR-518c-3p,ACTCTAAAGAGAAGCGCTTTG,TTGGAGCCAAGGGTTCAGAGACTCAGGGCCCCAGCCCTAAACTCTAAAGAGAAGCGCTTTGCTGGTAATAAGTACTGTGTACAGAATTCTGCTACCTCACT,-0.02415949,0.025369696,0.032688915,0.02564691,0.026750414,0.025432191,0.030326592,0.025966205,0.026173014,0.025443994,0.030563996,0.026054082
miRNA_full_single_127_context1,hsa-miR-518c-5p,GAAAGTGCTTCCCTCCAGAGA,TTGGAGCCAAGGGTTCAGAGACTCAGGGCCCCAGCACTAAGAAAGTGCTTCCCTCCAGAGACTGGTAATAAGTACTGTGTACAGAATTCTGCTACCTCACT,0.028679514,0.024293318,0.061644116,0.024861688,0.022556564,0.024469235,0.022309401,0.024965349,0.009516662,0.024478843,0.027269686,0.025080033
miRNA_full_single_128_context1,hsa-miR-518e-3p,CACTCTGAAGGGAAGCGCTTT,TTGGAGCCAAGGGTTCAGAGACTCAGGGCCCCAGCACTAACACTCTGAAGGGAAGCGCTTTCTGGTAATAAGTACTGTGTACAGAATTCTGCTACCTCACT,-0.04375424,0.034811952,0.061413447,0.035733279,0.025500618,0.03467039,-0.02543112,0.0352495,-0.014496329,0.034863084,0.068513395,0.035821613
miRNA_full_single_129_context1,hsa-miR-519b-3p,ACCTCTAAAAGGATGCACTTT,TTGGAGCCAAGGGTTCAGAGACTCAGGGCCCCAGCCCTAAACCTCTAAAAGGATGCACTTTCTGGTAATAAGTACTGTGTACAGAATTCTGCTACCTCACT,-0.183660741,0.033195404,-0.187983628,0.034598411,-0.04229771,0.032897103,-0.280968959,0.034823768,-0.138334047,0.033137739,-0.164919423,0.033885935
miRNA_full_single_130_context1,hsa-miR-519c-3p,TCCTCTAAAAAGATGCACTTT,TTGGAGCCAAGGGTTCAGAGACTCAGGGCCCCAGCACTAATCCTCTAAAAAGATGCACTTTCTGGTAATAAGTACTGTGTACAGAATTCTGCTACCTCACT,-0.156438542,0.031735765,-0.126330018,0.031795551,-0.066312204,0.031582474,-0.273108297,0.033416117,-0.11758359,0.031723417,-0.112235328,0.031878067
miRNA_full_single_131_context1,hsa-miR-520a-3p,CAGTCCAAAGGGAAGCACTTT,TTGGAGCCAAGGGTTCAGAGACTCAGGGCCCCAGCACTAACAGTCCAAAGGGAAGCACTTTCTGGTAATAAGTACTGTGTACAGAATTCTGCTACCTCACT,-0.087456817,0.033530349,-0.02253695,0.032453324,-0.036916818,0.033416034,-0.131961208,0.033104085,-0.067260353,0.033556626,-0.030870892,0.033599254
miRNA_full_single_132_context1,hsa-miR-520a-5p,AGAAAGTACTTCCCTCTGGAG,TTGGAGCCAAGGGTTCAGAGACTCAGGGCCCCAGCCCTAAAGAAAGTACTTCCCTCTGGAGCTGGTAATAAGTACTGTGTACAGAATTCTGCTACCTCACT,-0.038542929,0.023735862,-0.008872349,0.023625243,-0.005651918,0.023875558,-0.032022766,0.024214554,-0.026168082,0.023879582,-0.021669362,0.024359466
miRNA_full_single_133_context1,hsa-miR-520b-3p,CCCTCTAAAAGGAAGCACTTT,TTGGAGCCAAGGGTTCAGAGACTCAGGGCCCCAGCACTAACCCTCTAAAAGGAAGCACTTTCTGGTAATAAGTACTGTGTACAGAATTCTGCTACCTCACT,-0.183607409,0.03136872,-0.081622034,0.030344912,-0.038553828,0.031109551,-0.245513825,0.032629792,-0.119075859,0.031299868,-0.078276483,0.031215994
miRNA_full_single_134_context1,hsa-miR-522-3p,CACTCTAAAGGGAACCATTTT,TTGGAGCCAAGGGTTCAGAGACTCAGGGCCCCAGCACTAACACTCTAAAGGGAACCATTTTCTGGTAATAAGTACTGTGTACAGAATTCTGCTACCTCACT,-0.001096495,0.030206116,0.033076915,0.030514643,-0.039885523,0.030279552,-0.010408317,0.030682946,0.024823274,0.030292573,-0.018228218,0.030543173
miRNA_full_single_135_context1,hsa-miR-526b-5p,AGAAAGTGCTTCCCTCAAGAG,TTGGAGCCAAGGGTTCAGAGACTCAGGGCCCCAGCCCTAAAGAAAGTGCTTCCCTCAAGAGCTGGTAATAAGTACTGTGTACAGAATTCTGCTACCTCACT,-0.054129566,0.025458195,-0.030131362,0.024994057,-0.010380757,0.025483456,0.004195605,0.025855571,-0.038215085,0.025533389,-0.036453529,0.025745636
miRNA_full_single_136_context1,hsa-miR-574-5p,ACACTCACACACACACACTCA,TTGGAGCCAAGGGTTCAGAGACTCAGGGCCCCAGCCCTAAACACTCACACACACACACTCACTGGTAATAAGTACTGTGTACAGAATTCTGCTACCTCACT,-0.049990583,0.027927911,-0.270203085,0.029342454,-0.092959749,0.0281028,-0.084470995,0.027960754,-0.16835104,0.028260781,-0.11121612,0.02839981
miRNA_full_single_137_context1,hsa-miR-7-5p,AACAAAATCACTAGTCTTCCA,TTGGAGCCAAGGGTTCAGAGACTCAGGGCCCCAGCCCTAAAACAAAATCACTAGTCTTCCACTGGTAATAAGTACTGTGTACAGAATTCTGCTACCTCACT,-0.424942913,0.029449243,-0.275806816,0.029839542,-0.247033641,0.029146426,-0.205739614,0.029390639,-0.284521963,0.029134088,-0.213231845,0.030087383
miRNA_full_single_138_context1,hsa-miR-141-3p,CATCTTTACCAGACAGTGTTA,TTGGAGCCAAGGGTTCAGAGACTCAGGGCCCCAGCACTAACATCTTTACCAGACAGTGTTACTGGTAATAAGTACTGTGTACAGAATTCTGCTACCTCACT,-0.017190507,0.033288443,0.023832236,0.033313835,-0.431528696,0.035169098,-0.027053309,0.033541654,-0.043235847,0.033319681,-0.004956857,0.033454399
miRNA_full_single_139_context1,hsa-miR-200a-3p,CATCGTTACCAGACAGTGTTA,TTGGAGCCAAGGGTTCAGAGACTCAGGGCCCCAGCACTAACATCGTTACCAGACAGTGTTACTGGTAATAAGTACTGTGTACAGAATTCTGCTACCTCACT,0.016182169,0.029427488,0.023829443,0.029601786,-0.243824719,0.030322206,-0.045561911,0.029875531,-0.103991496,0.029709066,-0.028333322,0.029813407
miRNA_full_single_140_context1,hsa-miR-200b-3p,CATCATTACCAGGCAGTATTA,TTGGAGCCAAGGGTTCAGAGACTCAGGGCCCCAGCACTAACATCATTACCAGGCAGTATTACTGGTAATAAGTACTGTGTACAGAATTCTGCTACCTCACT,0.031724941,0.030407887,0.029382209,0.030673566,-0.288475728,0.031505355,-0.018207968,0.030868732,-0.099915828,0.030649904,-0.029199187,0.030706314
miRNA_full_single_141_context1,hsa-miR-200c-3p,CATCATTACCCGGCAGTATTA,TTGGAGCCAAGGGTTCAGAGACTCAGGGCCCCAGCACTAACATCATTACCCGGCAGTATTACTGGTAATAAGTACTGTGTACAGAATTCTGCTACCTCACT,0.014781789,0.032898235,0.052477821,0.033639239,-0.448322422,0.035542497,0.011683405,0.033602265,-0.056748426,0.033045558,0.062075856,0.033822652
miRNA_full_single_142_context1,hsa-miR-429,CGGTTTTACCAGACAGTATTA,TTGGAGCCAAGGGTTCAGAGACTCAGGGCCCCAGCACTAACGGTTTTACCAGACAGTATTACTGGTAATAAGTACTGTGTACAGAATTCTGCTACCTCACT,-0.020997283,0.032836695,0.026517803,0.032937657,-0.457554272,0.034953509,-0.104815324,0.031961301,-0.099033137,0.032921278,-0.03246607,0.032808171
miRNA_full_single_143_context1,hsa-miR-885-5p,GAGGCAGGGTAGTGTAATGGA,TTGGAGCCAAGGGTTCAGAGACTCAGGGCCCCAGCACTAGAGGCAGGGTAGTGTAATGGACCTGGTAATAAGTACTGTGTACAGAATTCTGCTACCTCACT,-0.05732548,0.028630405,-0.039894834,0.027867675,-0.005593909,0.028598802,-0.063480649,0.02891717,-0.056867305,0.028711228,-0.043637913,0.028817027
miRNA_full_single_144_context1,hsa-miR-9-5p,ATACAGCTAGATAACCAAAGA,TTGGAGCCAAGGGTTCAGAGACTCAGGGCCCCAGCCCTAAATACAGCTAGATAACCAAAGACTGGTAATAAGTACTGTGTACAGAATTCTGCTACCTCACT,-0.212522551,0.029892658,-0.079702063,0.028920574,-0.073485174,0.029670833,-0.092651012,0.029274462,-0.030335064,0.029635353,-0.278805052,0.03178873
miRNA_full_single_145_context1,hsa-miR-96-5p,CAAAAATGTGCTAGTGCCAAA,TTGGAGCCAAGGGTTCAGAGACTCAGGGCCCCAGCACTCAAAAATGTGCTAGTGCCAAACCCTGGTAATAAGTACTGTGTACAGAATTCTGCTACCTCACT,-0.081135982,0.028213789,-0.049571766,0.027484662,-0.225091793,0.028913737,-0.103557879,0.027791834,-0.087628346,0.02834638,-0.031310822,0.028526827
