,miRNA1,miRNA2,miRNA3,target1,target2,target3,oligoseq,HEK293T_3UTR_log10,HEK293T_3UTR_error,HeLa_3UTR_log10,HeLa_3UTR_error,MCF7_3UTR_log10,MCF7_3UTR_error,K562_3UTR_log10,K562_3UTR_error,HepG2_3UTR_log10,HepG2_3UTR_error,SKNSH_3UTR_log10,SKNSH_3UTR_error
miRNA_full_singleX3_1_context1,hsa-miR-224-5p,hsa-miR-224-5p,hsa-miR-224-5p,ACGGAACCACTAGTGACTTGA,ACGGAACCACTAGTGACTTGA,ACGGAACCACTAGTGACTTGA,TTGGAGCCAAGGGTTCACGGAACCACTAGTGACTTGATAAACGGAACCACTAGTGACTTGACTGACGGAACCACTAGTGACTTGAATTCTGCTACCTCACT,-0.1001779694653318,0.038393743584282,-0.4655165642643245,0.0408707248489909,-0.0198018780899408,0.0380611729757874,-0.2105534553804539,0.039427336202588,-0.2824506645748019,0.0389384752291535,-0.050669048220576,0.0379370358964588
miRNA_full_singleX3_2_context1,hsa-miR-122-5p,hsa-miR-122-5p,hsa-miR-122-5p,AAACACCATTGTCACACTCCA,AAACACCATTGTCACACTCCA,AAACACCATTGTCACACTCCA,TTGGAGCCAAGGGTTCAAACACCATTGTCACACTCCATAAAAACACCATTGTCACACTCCACTGAAACACCATTGTCACACTCCAATTCTGCTACCTCACT,-0.099472399458563,0.117008140604728,-0.0740934408228119,0.1067920076129266,-0.0961563290557964,0.1080313217247787,-0.204355912056305,0.1193952625624135,-0.1389410826048576,0.1130571555161315,-0.0517599202824769,0.1110321363809355
miRNA_full_singleX3_3_context1,hsa-miR-329-3p,hsa-miR-329-3p,hsa-miR-329-3p,AAGAGGTTAACCAGGTGTGTT,AAGAGGTTAACCAGGTGTGTT,AAGAGGTTAACCAGGTGTGTT,TTGGAGCCAAGGGTTCAAGAGGTTAACCAGGTGTGTTTAAAAGAGGTTAACCAGGTGTGTTCTGAAGAGGTTAACCAGGTGTGTTATTCTGCTACCTCACT,0.0515400407393918,0.0702506697180755,0.0705806946699059,0.0729112694548816,-0.0257467754947181,0.0669537258539966,0.0683139848649651,0.0728188999706922,-0.0310240915445254,0.0687796134331324,0.0578933946513979,0.0712341437051052
miRNA_full_singleX3_4_context1,hsa-miR-18a-5p,hsa-miR-18a-5p,hsa-miR-18a-5p,ATCTGCACTAGATGCACCTTA,ATCTGCACTAGATGCACCTTA,ATCTGCACTAGATGCACCTTA,TTGGAGCCAAGGGTATCTGCACTAGATGCACCTTAACTATCTGCACTAGATGCACCTTACCCATCTGCACTAGATGCACCTTAGAATTCTGCTACCTCACT,-1.2106127981403103,0.0496097275777752,-0.7052965794448843,0.0462392395320237,-0.172858068805119,0.0424045484963693,-1.3377487149648335,0.057061677412166,-0.8547268521707797,0.0470172106913831,-0.2818846547601209,0.044875159905113
miRNA_full_singleX3_5_context1,hsa-miR-20a-5p,hsa-miR-20a-5p,hsa-miR-20a-5p,ACCTGCACTATAAGCACTTTA,ACCTGCACTATAAGCACTTTA,ACCTGCACTATAAGCACTTTA,TTGGAGCCAAGGGTTCACCTGCACTATAAGCACTTTACAAACCTGCACTATAAGCACTTTACTGACCTGCACTATAAGCACTTTAATTCTGCTACCTCACT,-1.3140066536501886,0.0837993933887244,-1.3595820821430415,0.0888148033634222,-0.7263114520023588,0.0822185317385164,-1.8409095094487808,0.1185579755868518,-1.3507097411236024,0.0868981625599846,-1.050677521251409,0.0849733232038149
miRNA_full_singleX3_6_context1,hsa-miR-25-3p,hsa-miR-25-3p,hsa-miR-25-3p,CAGACCGAGACAAGTGCAATG,CAGACCGAGACAAGTGCAATG,CAGACCGAGACAAGTGCAATG,TTGGAGCCAAGGGTTCCAGACCGAGACAAGTGCAATGTAACAGACCGAGACAAGTGCAATGCTGCAGACCGAGACAAGTGCAATGATTCTGCTACCTCACT,-1.250915525455541,0.0896377404680737,-1.0971551191226248,0.0899615514839273,-0.4350350207415705,0.0841655284921838,-1.5023240218197664,0.1065790163116302,-1.123483043958288,0.0891571561920873,-1.022682449996592,0.0919541048364881
miRNA_full_singleX3_7_context1,hsa-miR-21-3p,hsa-miR-21-3p,hsa-miR-21-3p,ACAGCCCATCGACTGGTGTTG,ACAGCCCATCGACTGGTGTTG,ACAGCCCATCGACTGGTGTTG,TTGGAGCCAAGGGTTCACAGCCCATCGACTGGTGTTGTAAACAGCCCATCGACTGGTGTTGCTGACAGCCCATCGACTGGTGTTGATTCTGCTACCTCACT,-0.0275680914515821,0.048305677960946,-0.2551633679423128,0.0512933894742,-0.2044655359019612,0.0479837876426018,0.0457747253147909,0.0497448929309458,-0.1385574785311614,0.0479559373106013,-0.1437568981248574,0.0477958780247405
miRNA_full_singleX3_8_context1,hsa-miR-29a-3p,hsa-miR-29a-3p,hsa-miR-29a-3p,AACCGATTTCAGATGGTGCTA,AACCGATTTCAGATGGTGCTA,AACCGATTTCAGATGGTGCTA,TTGGAGCCAAGGGTTCAACCGATTTCAGATGGTGCTACAAAACCGATTTCAGATGGTGCTACTGAACCGATTTCAGATGGTGCTAATTCTGCTACCTCACT,-0.7346808554819223,0.0742115001794113,-1.1310000726685452,0.0813896121408791,-0.602131158883053,0.0754158171175814,-0.2846063482848936,0.0700835884519484,-1.350415878249715,0.0869238353982664,-0.7400831548937818,0.07818747840484
miRNA_full_singleX3_9_context1,hsa-miR-31-3p,hsa-miR-31-3p,hsa-miR-31-3p,TGGCAATATGTTGGCATAGCA,TGGCAATATGTTGGCATAGCA,TGGCAATATGTTGGCATAGCA,TTGGAGCCAAGGGTTTGGCAATATGTTGGCATAGCACTCTGGCAATATGTTGGCATAGCACCTTGGCAATATGTTGGCATAGCAAATTCTGCTACCTCACT,-0.002421679121378,0.0313058337011031,-0.4485117092675744,0.0330865767528353,0.0060142352403562,0.0312182788697789,0.03568292898995,0.031954586897544,-0.0247951953064358,0.0313560470108811,0.0499863887485983,0.0319449712706073
miRNA_full_singleX3_10_context1,hsa-miR-22-3p,hsa-miR-22-3p,hsa-miR-22-3p,CAGTTCTTCAACTGGCAGCTT,CAGTTCTTCAACTGGCAGCTT,CAGTTCTTCAACTGGCAGCTT,TTGGAGCCAAGGGTTCCAGTTCTTCAACTGGCAGCTTTAACAGTTCTTCAACTGGCAGCTTCTGCAGTTCTTCAACTGGCAGCTTATTCTGCTACCTCACT,-0.2810385977413563,0.0373152523287509,-0.984896397042358,0.0422773789735334,-0.389967860678521,0.0383627853301671,-0.3828886876545015,0.0385672565055696,-0.821697346774038,0.0405186802531085,-0.5330991718916139,0.0399003408554784
miRNA_full_singleX3_11_context1,hsa-miR-142-3p,hsa-miR-142-3p,hsa-miR-142-3p,CATAAAGTAGGAAACACTACA,CATAAAGTAGGAAACACTACA,CATAAAGTAGGAAACACTACA,TTGGAGCCAAGGGTTCCATAAAGTAGGAAACACTACATAACATAAAGTAGGAAACACTACACTGCATAAAGTAGGAAACACTACAATTCTGCTACCTCACT,-0.0326869959272079,0.0445051093777624,0.0662371452178151,0.0461701930260289,0.018077963968641,0.0441278585857258,-1.6206025055438769,0.1002374228196416,-0.0749084663808221,0.0445739802012528,0.0535098629667102,0.0459610339237219
miRNA_full_singleX3_12_context1,hsa-miR-192-5p,hsa-miR-192-5p,hsa-miR-192-5p,GGCTGTCAATTCATAGGTCAG,GGCTGTCAATTCATAGGTCAG,GGCTGTCAATTCATAGGTCAG,TTGGAGCCAAGGGTTCGGCTGTCAATTCATAGGTCAGTAAGGCTGTCAATTCATAGGTCAGCTGGGCTGTCAATTCATAGGTCAGATTCTGCTACCTCACT,-0.0703719886843515,0.0335967482014414,-0.0155043106801212,0.0325936706262394,-0.0030334606068394,0.0334035123910231,-0.142273482559856,0.0332682870566462,-0.8842326447306225,0.0380026620792703,0.0416137479319108,0.0341594595122723
miRNA_full_singleX3_13_context1,hsa-miR-7-5p,hsa-miR-7-5p,hsa-miR-7-5p,AACAAAATCACTAGTCTTCCA,AACAAAATCACTAGTCTTCCA,AACAAAATCACTAGTCTTCCA,TTGGAGCCAAGGGTTCAACAAAATCACTAGTCTTCCATAAAACAAAATCACTAGTCTTCCACTGAACAAAATCACTAGTCTTCCAATTCTGCTACCTCACT,-0.3975674285338328,0.0374501276646201,-0.3008165518061712,0.0383532360519765,-0.3586575008182538,0.0381693487872579,-0.217950132215171,0.0377504135956519,-0.2542601277107906,0.0369650538304754,-0.273076853425064,0.039118929606939
miRNA_full_singleX3_14_context1,hsa-miR-125b-5p,hsa-miR-125b-5p,hsa-miR-125b-5p,CACAAGTTAGGGTCTCAGGGA,CACAAGTTAGGGTCTCAGGGA,CACAAGTTAGGGTCTCAGGGA,TTGGAGCCAAGGGTTCCACAAGTTAGGGTCTCAGGGATAACACAAGTTAGGGTCTCAGGGACTGCACAAGTTAGGGTCTCAGGGAATTCTGCTACCTCACT,-0.0317906290590949,0.0448477588184121,-0.7401941979920765,0.0494506462989801,-0.0378112986061012,0.0442612751803504,0.0731034789267854,0.0462204450499237,0.0122424514749318,0.0448318118340257,-0.8605452678514792,0.0529113971961764
miRNA_full_singleX3_15_context1,hsa-miR-23a-3p,hsa-miR-23a-3p,hsa-miR-23a-3p,GGAAATCCCTGGCAATGTGAT,GGAAATCCCTGGCAATGTGAT,GGAAATCCCTGGCAATGTGAT,TTGGAGCCAAGGGTGGAAATCCCTGGCAATGTGATACTGGAAATCCCTGGCAATGTGATCCCGGAAATCCCTGGCAATGTGATCAATTCTGCTACCTCACT,-0.5473102480126102,0.042888199394609,-1.234306555462492,0.0509112398523348,-0.5593327628365242,0.0444242590078666,-0.7699980469165809,0.0462240328965366,-1.1545906293979915,0.0484490570935709,-1.2054076732723842,0.0536467905713267
miRNA_full_singleX3_16_context1,hsa-miR-196a-5p,hsa-miR-196a-5p,hsa-miR-196a-5p,CCAACAACATGAAACTACCTA,CCAACAACATGAAACTACCTA,CCAACAACATGAAACTACCTA,TTGGAGCCAAGGGTCCAACAACATGAAACTACCTAACTCCAACAACATGAAACTACCTACCCCCAACAACATGAAACTACCTAGAATTCTGCTACCTCACT,-0.8919059952085152,0.054608979341613,-0.7983713436275641,0.0556890711710331,0.0300491840815347,0.0443006418871076,-0.0508750068426624,0.0446779383510856,0.0137091397612095,0.0447307615287258,-0.0218425810068561,0.0448114362390584
miRNA_full_singleX3_17_context1,hsa-miR-126-3p,hsa-miR-126-3p,hsa-miR-126-3p,GCATTATTACTCACGGTACGA,GCATTATTACTCACGGTACGA,GCATTATTACTCACGGTACGA,TTGGAGCCAAGGGTTCGCATTATTACTCACGGTACGATAAGCATTATTACTCACGGTACGACTGGCATTATTACTCACGGTACGAATTCTGCTACCTCACT,-0.1914838596758813,0.0464276974313495,-0.0191848345886033,0.0438087781132256,-0.3252375789370744,0.0476533556023712,-1.0769836192495508,0.0591305664315495,-0.0243508978292343,0.046109313940122,-0.2974051758290001,0.0494876164497531
miRNA_full_singleX3_18_context1,hsa-miR-130b-3p,hsa-miR-130b-3p,hsa-miR-130b-3p,TGCCCTTTCATCATTGCACTG,TGCCCTTTCATCATTGCACTG,TGCCCTTTCATCATTGCACTG,TTGGAGCCAAGGGTTCTGCCCTTTCATCATTGCACTGTACTGCCCTTTCATCATTGCACTGCTGTGCCCTTTCATCATTGCACTGATTCTGCTACCTCACT,-0.5968804519410258,0.0345009032698186,-0.2985045126550906,0.0341338844519705,-0.1821762474886012,0.0330691862883663,-0.7791200089811382,0.0370667907055418,-0.2544214008578176,0.0332440102936046,-0.3169711508001555,0.0345737143455555
miRNA_full_singleX3_19_context1,hsa-miR-17-5p,hsa-miR-17-5p,hsa-miR-17-5p,ACCTGCACTGTAAGCACTTTG,ACCTGCACTGTAAGCACTTTG,ACCTGCACTGTAAGCACTTTG,TTGGAGCCAAGGGTTCACCTGCACTGTAAGCACTTTGTAAACCTGCACTGTAAGCACTTTGCTGACCTGCACTGTAAGCACTTTGATTCTGCTACCTCACT,-1.25483082756645,0.0642192988084176,-1.2275228384620418,0.0660834662503296,-0.4018685281207043,0.0599733800106504,-1.4441094976501192,0.0723201892658095,-1.2507178964167882,0.0654664289283272,-0.971073670208644,0.064802803715712
miRNA_full_singleX3_20_context1,hsa-miR-34a-3p,hsa-miR-34a-3p,hsa-miR-34a-3p,GGGCAGTATACTTGCTGATTG,GGGCAGTATACTTGCTGATTG,GGGCAGTATACTTGCTGATTG,TTGGAGCCAAGGGTTCGGGCAGTATACTTGCTGATTGTAAGGGCAGTATACTTGCTGATTGCTGGGGCAGTATACTTGCTGATTGATTCTGCTACCTCACT,0.0070223854532893,0.0726336960412836,0.0366165877616115,0.0722805207048696,-0.0322845490269,0.0693489489489965,0.1325675003896136,0.0759116373801566,-0.0291946186572045,0.0714641573464038,-0.0234186311766803,0.0690825245938044
miRNA_full_singleX3_21_context1,hsa-miR-96-5p,hsa-miR-96-5p,hsa-miR-96-5p,CAAAAATGTGCTAGTGCCAAA,CAAAAATGTGCTAGTGCCAAA,CAAAAATGTGCTAGTGCCAAA,TTGGAGCCAAGGGTCAAAAATGTGCTAGTGCCAAAACTCAAAAATGTGCTAGTGCCAAACCCCAAAAATGTGCTAGTGCCAAAGAATTCTGCTACCTCACT,-0.2815117867627398,0.0807254537234761,-0.2584455240060961,0.0897213026342823,-0.5017279410139318,0.0912141824934753,-0.3067135625089062,0.0861943215253835,-0.2334792081718896,0.0789600384728423,-0.0409998476282165,0.075825318057412
miRNA_full_singleX3_22_context1,hsa-miR-21-5p,hsa-miR-21-5p,hsa-miR-21-5p,CAACATCAGTCTGATAAGCTA,CAACATCAGTCTGATAAGCTA,CAACATCAGTCTGATAAGCTA,TTGGAGCCAAGGGTTCCAACATCAGTCTGATAAGCTATAACAACATCAGTCTGATAAGCTACTGCAACATCAGTCTGATAAGCTAATTCTGCTACCTCACT,-0.7880992458957663,0.0619259932104428,-1.5175570502192168,0.0756440462431148,-1.638743323876065,0.0799817131090665,-1.2902869223283842,0.0706012775134933,-1.836633340727775,0.0883184463307162,-1.3836831474292357,0.0762892781125676
miRNA_full_singleX3_23_context1,hsa-miR-494-3p,hsa-miR-494-3p,hsa-miR-494-3p,AGGTTTCCCGTGTATGTTTCA,AGGTTTCCCGTGTATGTTTCA,AGGTTTCCCGTGTATGTTTCA,TTGGAGCCAAGGGTTAGGTTTCCCGTGTATGTTTCACTAAGGTTTCCCGTGTATGTTTCACCTAGGTTTCCCGTGTATGTTTCAAATTCTGCTACCTCACT,-0.1510250756079069,0.034771867129514,-0.2037282456392534,0.036280154407603,-0.0830457922261201,0.0345081878959571,0.0574704563322404,0.03544223526024,-0.0963626385445238,0.0346563865051166,-0.0247576855110659,0.0344529004124231
miRNA_full_singleX3_24_context1,hsa-miR-141-3p,hsa-miR-141-3p,hsa-miR-141-3p,CATCTTTACCAGACAGTGTTA,CATCTTTACCAGACAGTGTTA,CATCTTTACCAGACAGTGTTA,TTGGAGCCAAGGGTTCCATCTTTACCAGACAGTGTTATAACATCTTTACCAGACAGTGTTACTGCATCTTTACCAGACAGTGTTAATTCTGCTACCTCACT,-0.0241288686981654,0.0333428204627399,-0.0338984669722566,0.0322296897366142,-0.8156789733342124,0.0396932860031881,-0.0221431932380145,0.0337813782433033,-0.2538585126423978,0.0340401996970889,0.0536681583625826,0.0342191215209133
miRNA_full_singleX3_25_context1,hsa-miR-16-5p,hsa-miR-16-5p,hsa-miR-16-5p,GCCAATATTTACGTGCTGCTA,GCCAATATTTACGTGCTGCTA,GCCAATATTTACGTGCTGCTA,TTGGAGCCAAGGGTTCGCCAATATTTACGTGCTGCTATAAGCCAATATTTACGTGCTGCTACTGGCCAATATTTACGTGCTGCTAATTCTGCTACCTCACT,-1.301139829164977,0.0711740837180339,-0.9620615392324354,0.0692578127073621,-0.9807436732004664,0.0696410112285784,-0.7757718604489083,0.0703415669385646,-0.4417539136062421,0.0651326319374394,-0.8369493691781764,0.0704931107550006
miRNA_full_singleX3_26_context1,hsa-miR-221-3p,hsa-miR-221-3p,hsa-miR-221-3p,AACCCAGCAGACAATGTAGCT,AACCCAGCAGACAATGTAGCT,AACCCAGCAGACAATGTAGCT,TTGGAGCCAAGGGTTAACCCAGCAGACAATGTAGCTCTAAACCCAGCAGACAATGTAGCTCCTAACCCAGCAGACAATGTAGCTAATTCTGCTACCTCACT,-0.8316118795538863,0.046046738575763,-0.7257425888258499,0.0461734825660156,-0.1182459659553527,0.0413155658184285,-0.1547916765287035,0.0410552161911332,-0.703979300835729,0.0459785750449598,-0.2622845329574915,0.0440984237323078
miRNA_full_singleX3_27_context1,hsa-miR-10a-5p,hsa-miR-10a-5p,hsa-miR-10a-5p,CAAATTCGGATCTACAGGGTA,CAAATTCGGATCTACAGGGTA,CAAATTCGGATCTACAGGGTA,TTGGAGCCAAGGGTTCCAAATTCGGATCTACAGGGTATAACAAATTCGGATCTACAGGGTACTGCAAATTCGGATCTACAGGGTAATTCTGCTACCTCACT,-1.130458359024569,0.0444537219773386,0.0765487911928095,0.0363997978516611,0.0305615094714689,0.0351089409652901,-0.1911763277502625,0.0362620803581115,-0.0428411122454894,0.0353299934306782,-0.1649101039257908,0.0364548680993975
miRNA_full_singleX3_28_context1,hsa-miR-103a-3p,hsa-miR-103a-3p,hsa-miR-103a-3p,ATAGCCCTGTACAATGCTGCT,ATAGCCCTGTACAATGCTGCT,ATAGCCCTGTACAATGCTGCT,TTGGAGCCAAGGGTTATAGCCCTGTACAATGCTGCTCTAATAGCCCTGTACAATGCTGCTCCTATAGCCCTGTACAATGCTGCTAATTCTGCTACCTCACT,-1.0165432764203528,0.0669362838817983,-0.703492922417879,0.0664566849218382,-0.5497210484433044,0.0676199574783627,-0.4888063730246891,0.0648433597517319,-0.7608167422019491,0.0676477810783989,-0.7395880958928056,0.0686844880164509
miRNA_full_singleX3_29_context1,hsa-miR-34a-5p,hsa-miR-34a-5p,hsa-miR-34a-5p,CAACCAGCTAAGACACTGCCA,CAACCAGCTAAGACACTGCCA,CAACCAGCTAAGACACTGCCA,TTGGAGCCAAGGGTTCCAACCAGCTAAGACACTGCCATAACAACCAGCTAAGACACTGCCACTGCAACCAGCTAAGACACTGCCAATTCTGCTACCTCACT,-0.8104786428938554,0.0594636179861469,-0.4572286374138657,0.0560413145391178,-0.3854647623830466,0.0550758074136043,0.0544907547331155,0.0536135609599355,-0.9651665296928634,0.062852807378226,-0.581984928160714,0.0603454597863067
miRNA_full_singleX3_30_context1,hsa-miR-200c-3p,hsa-miR-200c-3p,hsa-miR-200c-3p,CATCATTACCCGGCAGTATTA,CATCATTACCCGGCAGTATTA,CATCATTACCCGGCAGTATTA,TTGGAGCCAAGGGTTCCATCATTACCCGGCAGTATTATAACATCATTACCCGGCAGTATTACTGCATCATTACCCGGCAGTATTAATTCTGCTACCTCACT,0.0506288528119446,0.0345063778780831,0.1383270535586481,0.0354242267393737,-0.7565912182897567,0.0399147114361676,0.0532747576069486,0.0354294489080025,-0.0726019410950089,0.0346407451469122,0.1974389127189399,0.0349937752004977
miRNA_full_singleX3_31_context1,hsa-miR-218-5p,hsa-miR-218-5p,hsa-miR-218-5p,ACATGGTTAGATCAAGCACAA,ACATGGTTAGATCAAGCACAA,ACATGGTTAGATCAAGCACAA,TTGGAGCCAAGGGTACATGGTTAGATCAAGCACAAACTACATGGTTAGATCAAGCACAACCCACATGGTTAGATCAAGCACAAGAATTCTGCTACCTCACT,-1.198758569252227,0.05161589567305,-0.0993134994289108,0.0418261157036237,-0.0430553037017071,0.0429599606325244,-0.1070783535586196,0.0415988722380186,-0.0473572379052435,0.0433420340073869,-0.7530098823125179,0.0502778011502308
miRNA_full_singleX3_32_context1,hsa-miR-223-3p,hsa-miR-223-3p,hsa-miR-223-3p,GGGGTATTTGACAAACTGACA,GGGGTATTTGACAAACTGACA,GGGGTATTTGACAAACTGACA,TTGGAGCCAAGGGTTCGGGGTATTTGACAAACTGACATAAGGGGTATTTGACAAACTGACACTGGGGGTATTTGACAAACTGACAATTCTGCTACCTCACT,-0.0614827039545313,0.0855373898688137,-0.0561802396784652,0.0754863478790568,-0.0302785353651081,0.0810274743435859,-0.7828362503912578,0.1006080838641492,-0.060330266702149,0.0837914728899874,-0.0884238722285466,0.0791487825481494
miRNA_full_singleX3_33_context1,hsa-miR-193b-3p,hsa-miR-193b-3p,hsa-miR-193b-3p,GCGGGACTTTGAGGGCCAGTT,GCGGGACTTTGAGGGCCAGTT,GCGGGACTTTGAGGGCCAGTT,TTGGAGCCAAGGGTTCGCGGGACTTTGAGGGCCAGTTTAAGCGGGACTTTGAGGGCCAGTTCTGGCGGGACTTTGAGGGCCAGTTATTCTGCTACCTCACT,-0.083556577846272,0.106693699694485,-0.4476948088171563,0.123002821649634,-0.2692065134143734,0.1055208352207628,-0.0819024354224843,0.09694342936188,-0.3645447762450046,0.1093769032755427,-0.0922282227597927,0.0978466580450294
miRNA_full_singleX3_34_context1,hsa-miR-320a-3p,hsa-miR-320a-3p,hsa-miR-320a-3p,CGCCCTCTCAACCCAGCTTTT,CGCCCTCTCAACCCAGCTTTT,CGCCCTCTCAACCCAGCTTTT,TTGGAGCCAAGGGTTCCGCCCTCTCAACCCAGCTTTTTAACGCCCTCTCAACCCAGCTTTTCTGCGCCCTCTCAACCCAGCTTTTATTCTGCTACCTCACT,-0.9765425974796468,0.0727184052634347,-0.8727502620304015,0.073150093963835,-1.062945556313999,0.0754475210554349,-0.3318025112111397,0.0699453884552267,-0.8175680735595782,0.0733847358420299,-0.4950393743011133,0.0711018669640682
miRNA_full_singleX3_35_context1,hsa-miR-17-3p,hsa-miR-17-3p,hsa-miR-17-3p,TACAAGTGCCTTCACTGCAGT,TACAAGTGCCTTCACTGCAGT,TACAAGTGCCTTCACTGCAGT,TTGGAGCCAAGGGTTCTACAAGTGCCTTCACTGCAGTTAATACAAGTGCCTTCACTGCAGTCTGTACAAGTGCCTTCACTGCAGTATTCTGCTACCTCACT,-0.3905749469407118,0.074078638193936,-0.1772052021119403,0.0768263678612479,-0.0219644738042456,0.070396985193017,-0.5220523524682552,0.0781737391002051,-0.1302695577849064,0.0716400173544784,-0.0403592870061561,0.0692019370596444
miRNA_full_singleX3_36_context1,hsa-miR-31-5p,hsa-miR-31-5p,hsa-miR-31-5p,AGCTATGCCAGCATCTTGCCT,AGCTATGCCAGCATCTTGCCT,AGCTATGCCAGCATCTTGCCT,TTGGAGCCAAGGGTTAGCTATGCCAGCATCTTGCCTCTAAGCTATGCCAGCATCTTGCCTCCTAGCTATGCCAGCATCTTGCCTAATTCTGCTACCTCACT,-0.1574799810986171,0.0260897091938345,-1.3100708425232608,0.0420511632391343,0.0661574348234112,0.0258283211078451,0.3138613361537212,0.0257957241534074,0.1792810069620285,0.0258302603443533,0.2360883414699207,0.0260136315307009
miRNA_full_singleX3_37_context1,hsa-miR-100-5p,hsa-miR-100-5p,hsa-miR-100-5p,ACAAGTTCGGATCTACGGGTT,ACAAGTTCGGATCTACGGGTT,ACAAGTTCGGATCTACGGGTT,TTGGAGCCAAGGGTTCACAAGTTCGGATCTACGGGTTTAAACAAGTTCGGATCTACGGGTTCTGACAAGTTCGGATCTACGGGTTATTCTGCTACCTCACT,-0.1291423854347152,0.0569278408116233,-0.8924419873080637,0.0657449438744751,-0.0964803421170677,0.055680466324558,-0.114755561757341,0.053561920377167,-0.1820247998856844,0.0564912901351876,-0.7406019088865434,0.0671254130177982
miRNA_full_singleX3_38_context1,hsa-miR-148a-3p,hsa-miR-148a-3p,hsa-miR-148a-3p,CAAAGTTCTGTAGTGCACTGA,CAAAGTTCTGTAGTGCACTGA,CAAAGTTCTGTAGTGCACTGA,TTGGAGCCAAGGGTTCCAAAGTTCTGTAGTGCACTGATAACAAAGTTCTGTAGTGCACTGACTGCAAAGTTCTGTAGTGCACTGAATTCTGCTACCTCACT,-0.510401568910356,0.0348531641725621,0.0661928944867983,0.0343082629530232,-0.0687621623799515,0.033368127949036,-0.0260343250399721,0.0337007225604797,-0.2985845831456234,0.0340854218085944,-0.0487531094662427,0.0333026644862586
miRNA_full_singleX3_39_context1,hsa-let-7a-5p,hsa-let-7a-5p,hsa-let-7a-5p,ACTATACAACCTACTACCTCA,ACTATACAACCTACTACCTCA,ACTATACAACCTACTACCTCA,TTGGAGCCAAGGGTTCACTATACAACCTACTACCTCATAAACTATACAACCTACTACCTCACTGACTATACAACCTACTACCTCAATTCTGCTACCTCACT,-1.0384449519075272,0.071556026852362,-1.6986881758897474,0.1033420711642478,-1.4331062406762698,0.0863706602125795,-0.8815314260170737,0.0740906175826681,-0.5435781485902956,0.0685083928568112,-1.7393749512736878,0.1213790808533653
miRNA_full_singleX3_40_context1,hsa-miR-19b-3p,hsa-miR-19b-3p,hsa-miR-19b-3p,AGTTTTGCATGGATTTGCACA,AGTTTTGCATGGATTTGCACA,AGTTTTGCATGGATTTGCACA,TTGGAGCCAAGGGTAGTTTTGCATGGATTTGCACAACTAGTTTTGCATGGATTTGCACACCCAGTTTTGCATGGATTTGCACAGAATTCTGCTACCTCACT,-1.447189380349585,0.0624002183765671,-1.181657749751605,0.060880223320997,-1.0760863084198478,0.0597063480710762,-1.5571144743144951,0.0699616298067722,-1.4425730405124584,0.0639811777219388,-1.0050759113538457,0.0606671269390517
miRNA_full_singleX3_41_context1,hsa-miR-92a-3p,hsa-miR-92a-3p,hsa-miR-92a-3p,CAGGCCGGGACAAGTGCAATA,CAGGCCGGGACAAGTGCAATA,CAGGCCGGGACAAGTGCAATA,TTGGAGCCAAGGGTTCCAGGCCGGGACAAGTGCAATATAACAGGCCGGGACAAGTGCAATACTGCAGGCCGGGACAAGTGCAATAATTCTGCTACCTCACT,-1.1544749528313007,0.0888262066456409,-1.10003962600187,0.0912399804988102,-0.5292741412646037,0.087970427851467,-1.6612717368539396,0.1219083162945341,-1.2351345536884095,0.0929935889954344,-1.0198673359495354,0.0934111954346765
