,miRNA1,miRNA2,miRNA3,miRNA4,miRNA5,target1,target2,target3,target4,target5,oligoseq,HEK293T_3UTR_log10,HEK293T_3UTR_error,HeLa_3UTR_log10,HeLa_3UTR_error,MCF7_3UTR_log10,MCF7_3UTR_error,K562_3UTR_log10,K562_3UTR_error,HepG2_3UTR_log10,HepG2_3UTR_error,SKNSH_3UTR_log10,SKNSH_3UTR_error
miRNA_bulged_AND5_1_context1,hsa-miR-10a-5p,hsa-miR-192-5p,hsa-miR-223-3p,hsa-miR-224-5p,hsa-miR-137-3p,AAATTCGGAAGAACAGGGTA,GCTGTCAATAGTTAGGTCAA,GGGTATTTGTGTAACTGACA,CGGAACCACATCTGACTTGA,CGCGTATTCAATAGCAATAA,TTTTAAATTCGGAAGAACAGGGTACGCTGTCAATAGTTAGGTCAACGGGTATTTGTGTAACTGACATCGGAACCACATCTGACTTGATCGCGTATTCAATAGCAATAATT,-0.0486293768282628,0.0236269275145011,0.1195789962936799,0.0239488866965135,-0.1524721641098786,0.0240327118593056,-0.0089198605496756,0.0240004230021823,-0.0205223669373689,0.0237045954369793,-0.0043089393690758,0.0240675176355398
miRNA_bulged_AND5_2_context1,hsa-miR-214-3p,hsa-miR-10a-5p,hsa-miR-122-5p,hsa-miR-224-5p,hsa-miR-142-3p,TGCCTGTCTCACCCTGCTGA,AAATTCGGAAGAACAGGGTA,AACACCATTCAGACACTCCA,CGGAACCACATCTGACTTGA,ATAAAGTAGCTTACACTACA,TTTTTGCCTGTCTCACCCTGCTGATAAATTCGGAAGAACAGGGTATAACACCATTCAGACACTCCATCGGAACCACATCTGACTTGACATAAAGTAGCTTACACTACATT,-0.0107229163935304,0.0340953145804203,0.0185284903496145,0.0341560208997167,-0.1735098472451164,0.0348838704864601,-0.2356643705452684,0.0364672679083295,-0.0126922880093412,0.034263441879107,0.0217978634813413,0.0350469615013216
miRNA_bulged_AND5_3_context1,hsa-miR-148a-3p,hsa-miR-192-5p,hsa-miR-34a-3p,hsa-miR-199a-5p,hsa-miR-200c-3p,AAAGTTCTGATCTGCACTGA,GCTGTCAATAGTTAGGTCAA,GGCAGTATAGAAGCTGATTA,CAGGTAGTCACTACACTGGA,ATCATTACCGCCCAGTATTA,TTTTAAAGTTCTGATCTGCACTGACGCTGTCAATAGTTAGGTCAACGGCAGTATAGAAGCTGATTATCAGGTAGTCACTACACTGGATATCATTACCGCCCAGTATTATT,0.0628968297447424,0.0220117818423738,0.1676570843138287,0.0222385532667284,-0.1265908759616671,0.0226904877581199,0.0550931023975964,0.0226685778598597,-0.0529188066329527,0.0223827718883312,0.0709891806653932,0.0228430954398732
miRNA_bulged_AND5_4_context1,hsa-miR-7-5p,hsa-miR-214-3p,hsa-miR-148a-3p,hsa-miR-192-5p,hsa-miR-142-3p,ACAAAATCAGCTGTCTTCCA,TGCCTGTCTCACCCTGCTGA,AAAGTTCTGATCTGCACTGA,GCTGTCAATAGTTAGGTCAA,ATAAAGTAGCTTACACTACA,TTTTACAAAATCAGCTGTCTTCCATTGCCTGTCTCACCCTGCTGATAAAGTTCTGATCTGCACTGACGCTGTCAATAGTTAGGTCAACATAAAGTAGCTTACACTACATT,-0.0193222698046573,0.0297975009440546,0.08619851264011,0.0306618732593315,-0.1089415763360233,0.0303203220134137,-0.0758771055540974,0.0302943375306702,-0.00993881263912,0.0299708023817309,0.021329736030885,0.0307244726709603
miRNA_bulged_AND5_5_context1,hsa-miR-122-5p,hsa-miR-193b-3p,hsa-miR-224-5p,hsa-miR-200c-3p,hsa-miR-142-3p,AACACCATTCAGACACTCCA,CGGGACTTTCTCGGCCAGTA,CGGAACCACATCTGACTTGA,ATCATTACCGCCCAGTATTA,ATAAAGTAGCTTACACTACA,TTTTAACACCATTCAGACACTCCATCGGGACTTTCTCGGCCAGTATCGGAACCACATCTGACTTGATATCATTACCGCCCAGTATTACATAAAGTAGCTTACACTACATT,-0.012817501754119,0.0336985177508069,-0.1821857757553836,0.0357955982850721,-0.3633146755393379,0.0360490286171195,-0.2145414406571576,0.0354442124917226,-0.1021812045366737,0.0340122750310103,0.0874498010358883,0.0348289042976248
miRNA_bulged_AND5_6_context1,hsa-miR-223-3p,hsa-miR-200c-3p,hsa-miR-224-5p,hsa-miR-193b-3p,hsa-miR-10a-5p,GGGTATTTGTGTAACTGACA,ATCATTACCGCCCAGTATTA,CGGAACCACATCTGACTTGA,CGGGACTTTCTCGGCCAGTA,AAATTCGGAAGAACAGGGTA,TTTTGGGTATTTGTGTAACTGACATATCATTACCGCCCAGTATTATCGGAACCACATCTGACTTGATCGGGACTTTCTCGGCCAGTACAAATTCGGAAGAACAGGGTATT,-0.4398445818627235,0.0269677626168847,-0.2240658226731421,0.0272786493329387,-0.4600249917770378,0.0277932143004009,-0.0679964004436126,0.0264216050547056,-0.2297670560893783,0.0265277809285837,-0.0431320751001525,0.0263007003781624
miRNA_bulged_AND5_7_context1,hsa-miR-125b-5p,hsa-miR-100-5p,hsa-miR-122-5p,hsa-miR-34a-5p,hsa-miR-224-5p,ACAAGTTAGCCACTCAGGGA,CAAGTTCGGTAGTACGGGTA,AACACCATTCAGACACTCCA,AACCAGCTATCTCACTGCCA,CGGAACCACATCTGACTTGA,TTTTACAAGTTAGCCACTCAGGGATCAAGTTCGGTAGTACGGGTATAACACCATTCAGACACTCCATAACCAGCTATCTCACTGCCATCGGAACCACATCTGACTTGATT,-0.0895665641670587,0.0378678346289377,-0.3394136585622728,0.0398630051489344,-0.280125037104454,0.0388125141734673,-0.0663025670989812,0.0375523007081674,-0.2476881738553062,0.0383570023541329,-0.3085177304401542,0.0407057603976162
miRNA_bulged_AND5_8_context1,hsa-miR-125b-5p,hsa-miR-122-5p,hsa-miR-100-5p,hsa-miR-224-5p,hsa-miR-200c-3p,ACAAGTTAGCCACTCAGGGA,AACACCATTCAGACACTCCA,CAAGTTCGGTAGTACGGGTA,CGGAACCACATCTGACTTGA,ATCATTACCGCCCAGTATTA,TTTTACAAGTTAGCCACTCAGGGATAACACCATTCAGACACTCCATCAAGTTCGGTAGTACGGGTATCGGAACCACATCTGACTTGATATCATTACCGCCCAGTATTATT,0.0311346470892681,0.0287430601448475,-0.0743665191671685,0.0281417223885325,-0.3638455915262502,0.0302135005482851,-0.037787029471921,0.0291038167752573,-0.0244295555837487,0.0288719580208061,-0.0717287044995706,0.0289848207228461
miRNA_bulged_AND5_9_context1,hsa-miR-200c-3p,hsa-miR-126-3p,hsa-miR-214-3p,hsa-miR-192-5p,hsa-miR-17-3p,ATCATTACCGCCCAGTATTA,CATTATTACAGTCGGTACGA,TGCCTGTCTCACCCTGCTGA,GCTGTCAATAGTTAGGTCAA,ACAAGTGCCAAGACTGCAGA,TTTTATCATTACCGCCCAGTATTATCATTATTACAGTCGGTACGATTGCCTGTCTCACCCTGCTGACGCTGTCAATAGTTAGGTCAATACAAGTGCCAAGACTGCAGATT,-0.1277211739351116,0.0235182409703025,0.0287601661707997,0.0235473222044445,-0.2826270466010752,0.0241547739448702,-0.1446805999292391,0.0239121422386547,-0.1497771010025479,0.023658415567479,0.0542155593352177,0.0238873534406855
miRNA_bulged_AND5_10_context1,hsa-miR-17-3p,hsa-miR-200c-3p,hsa-miR-214-3p,hsa-miR-21-3p,hsa-miR-192-5p,ACAAGTGCCAAGACTGCAGA,ATCATTACCGCCCAGTATTA,TGCCTGTCTCACCCTGCTGA,CAGCCCATCCTGTGGTGTTA,GCTGTCAATAGTTAGGTCAA,TTTTACAAGTGCCAAGACTGCAGATATCATTACCGCCCAGTATTATTGCCTGTCTCACCCTGCTGATCAGCCCATCCTGTGGTGTTACGCTGTCAATAGTTAGGTCAATT,-0.1223704220599521,0.0345732133970657,0.0633126068612286,0.0353544070077149,-0.2304988486554819,0.0351528406312059,-0.0679100974956537,0.0344361046761955,-0.0819737077551914,0.0345466939335654,0.0951277581935822,0.0354082589350271
miRNA_bulged_AND5_11_context1,hsa-miR-224-5p,hsa-miR-22-3p,hsa-miR-141-3p,hsa-miR-137-3p,hsa-miR-34a-3p,CGGAACCACATCTGACTTGA,AGTTCTTCATAAGGCAGCTA,ATCTTTACCTCTCAGTGTTA,CGCGTATTCAATAGCAATAA,GGCAGTATAGAAGCTGATTA,TTTTCGGAACCACATCTGACTTGATAGTTCTTCATAAGGCAGCTATATCTTTACCTCTCAGTGTTATCGCGTATTCAATAGCAATAACGGCAGTATAGAAGCTGATTATT,-0.0562023857105813,0.0298145715473778,-0.2060447932273926,0.0317009500997843,-0.3472621404361721,0.0316871102946029,-0.0921026280216955,0.0297047242025099,-0.231365392318572,0.0305595192885275,-0.23606548949254,0.0323424023456904
miRNA_bulged_AND5_12_context1,hsa-miR-224-5p,hsa-miR-214-3p,hsa-miR-22-3p,hsa-miR-34a-3p,hsa-miR-200c-3p,CGGAACCACATCTGACTTGA,TGCCTGTCTCACCCTGCTGA,AGTTCTTCATAAGGCAGCTA,GGCAGTATAGAAGCTGATTA,ATCATTACCGCCCAGTATTA,TTTTCGGAACCACATCTGACTTGATTGCCTGTCTCACCCTGCTGATAGTTCTTCATAAGGCAGCTACGGCAGTATAGAAGCTGATTATATCATTACCGCCCAGTATTATT,-0.0075988021440075,0.0256889571146577,0.1107431020108254,0.0262003345992532,-0.2107325719301077,0.0262757220134717,0.0430003611108651,0.026226679181223,-0.0536868611629167,0.0258375836655985,-0.0206667226800082,0.026057591338543
miRNA_bulged_AND5_13_context1,hsa-miR-221-3p,hsa-miR-31-3p,hsa-miR-122-5p,hsa-miR-142-3p,hsa-miR-31-5p,ACCCAGCAGTGTATGTAGCA,GGCAATATGAACGCATAGCA,AACACCATTCAGACACTCCA,ATAAAGTAGCTTACACTACA,GCTATGCCACGTTCTTGCCA,TTTTACCCAGCAGTGTATGTAGCACGGCAATATGAACGCATAGCATAACACCATTCAGACACTCCACATAAAGTAGCTTACACTACACGCTATGCCACGTTCTTGCCATT,-0.2755781500649041,0.0349231954062966,-0.4627246938822883,0.0365684207868569,-0.2207408110993833,0.0349079739709456,-0.1714710952864122,0.0349086751468258,-0.1763134545784874,0.0347065824843412,-0.0592549863646902,0.0342682778834792
miRNA_bulged_AND5_14_context1,hsa-miR-31-5p,hsa-miR-221-3p,hsa-miR-214-3p,hsa-miR-142-3p,hsa-miR-885-5p,GCTATGCCACGTTCTTGCCA,ACCCAGCAGTGTATGTAGCA,TGCCTGTCTCACCCTGCTGA,ATAAAGTAGCTTACACTACA,AGGCAGGGTTCAGTAATGGA,TTTTGCTATGCCACGTTCTTGCCATACCCAGCAGTGTATGTAGCATTGCCTGTCTCACCCTGCTGACATAAAGTAGCTTACACTACATAGGCAGGGTTCAGTAATGGATT,-0.0877389307405393,0.0228359207779513,-0.4248879616065067,0.0243896722577798,-0.113465995505127,0.0230512660607852,0.1087715266905883,0.0230270053145528,-0.0012328632102647,0.022830678192064,0.058244016456245,0.023288123715566
miRNA_bulged_AND5_15_context1,hsa-miR-31-3p,hsa-miR-885-5p,hsa-miR-221-3p,hsa-miR-218-5p,hsa-miR-223-3p,GGCAATATGAACGCATAGCA,AGGCAGGGTTCAGTAATGGA,ACCCAGCAGTGTATGTAGCA,CATGGTTAGTAGAAGCACAA,GGGTATTTGTGTAACTGACA,TTTTGGCAATATGAACGCATAGCATAGGCAGGGTTCAGTAATGGATACCCAGCAGTGTATGTAGCACATGGTTAGTAGAAGCACAATTGGGTATTTGTGTAACTGACATT,-0.3102779228299673,0.0229041446685152,0.0047933070770858,0.0223881528159358,-0.0930534807105332,0.0226416434903703,0.0218231116448397,0.0228231911359392,-0.0070162390865247,0.0225127463604311,-0.0684219904741948,0.0227649436610917
miRNA_bulged_AND5_16_context1,hsa-miR-218-5p,hsa-miR-142-3p,hsa-miR-192-5p,hsa-miR-200c-3p,hsa-miR-34a-3p,CATGGTTAGTAGAAGCACAA,ATAAAGTAGCTTACACTACA,GCTGTCAATAGTTAGGTCAA,ATCATTACCGCCCAGTATTA,GGCAGTATAGAAGCTGATTA,TTTCATGGTTAGTAGAAGCACAATCATAAAGTAGCTTACACTACACGCTGTCAATAGTTAGGTCAATATCATTACCGCCCAGTATTACGGCAGTATAGAAGCTGATTATT,-0.0016138796438506,0.0231283788082089,0.2266448624805191,0.0231289430605286,-0.1723965718273793,0.0236809044325545,-0.1661518312803449,0.0239703380792047,-0.0638733837777777,0.0233408559932199,0.0790284055546804,0.0237396843366471
miRNA_bulged_AND5_17_context1,hsa-miR-218-5p,hsa-miR-200c-3p,hsa-miR-342-3p,hsa-miR-192-5p,hsa-miR-142-3p,CATGGTTAGTAGAAGCACAA,ATCATTACCGCCCAGTATTA,GGTGCGATTAGAGTGTGAGA,GCTGTCAATAGTTAGGTCAA,ATAAAGTAGCTTACACTACA,TTTCATGGTTAGTAGAAGCACAATTATCATTACCGCCCAGTATTACGGTGCGATTAGAGTGTGAGACGCTGTCAATAGTTAGGTCAACATAAAGTAGCTTACACTACATT,0.0325588415791734,0.0237322802283317,0.1665689827161238,0.0239559524818945,-0.1371669426638354,0.0243228444878143,-0.0984808564191143,0.0238767994331007,-0.0364313563380498,0.023987752710093,0.0450333386768692,0.0245054161228989
miRNA_bulged_AND5_18_context1,hsa-miR-126-3p,hsa-miR-7-5p,hsa-miR-218-5p,hsa-miR-192-5p,hsa-miR-329-3p,CATTATTACAGTCGGTACGA,ACAAAATCAGCTGTCTTCCA,CATGGTTAGTAGAAGCACAA,GCTGTCAATAGTTAGGTCAA,AGAGGTTAAGGTGGTGTGTA,TTTTCATTATTACAGTCGGTACGATACAAAATCAGCTGTCTTCCACATGGTTAGTAGAAGCACAATTGCTGTCAATAGTTAGGTCAATAGAGGTTAAGGTGGTGTGTATT,-0.0549185549998239,0.0259551062198665,0.1868952591401438,0.0260163337876046,-0.1135834717583967,0.0262845138904209,-0.031599219259174,0.0263416914055009,0.0076623490674835,0.0259963676023787,-0.0033353503165116,0.0264641941453562
miRNA_bulged_AND5_19_context1,hsa-miR-196a-5p,hsa-miR-142-3p,hsa-miR-193b-3p,hsa-miR-31-5p,hsa-miR-122-5p,CAACAACATCTTACTACCTA,ATAAAGTAGCTTACACTACA,CGGGACTTTCTCGGCCAGTA,GCTATGCCACGTTCTTGCCA,AACACCATTCAGACACTCCA,TTTTCAACAACATCTTACTACCTACATAAAGTAGCTTACACTACATCGGGACTTTCTCGGCCAGTACGCTATGCCACGTTCTTGCCATAACACCATTCAGACACTCCATT,-0.0544506640198319,0.0383911501096664,-0.5709407473888796,0.0412266929457748,-0.1887276152569126,0.0384773657744716,-0.2028343385687686,0.0391370240976414,-0.0503679084101379,0.0383314476056772,0.0529149025658125,0.0391945138245102
miRNA_bulged_AND5_20_context1,hsa-miR-31-5p,hsa-miR-34a-3p,hsa-miR-192-5p,hsa-miR-196a-5p,hsa-miR-193b-3p,GCTATGCCACGTTCTTGCCA,GGCAGTATAGAAGCTGATTA,GCTGTCAATAGTTAGGTCAA,CAACAACATCTTACTACCTA,CGGGACTTTCTCGGCCAGTA,TTTTGCTATGCCACGTTCTTGCCACGGCAGTATAGAAGCTGATTACGCTGTCAATAGTTAGGTCAATCAACAACATCTTACTACCTATCGGGACTTTCTCGGCCAGTATT,-0.1386260216665555,0.0332395050331102,-0.4996822706799109,0.0359094662426369,-0.1299871353713673,0.0332823019041,0.1203377109922132,0.0335773924247505,-0.0434883995694388,0.0331394469689145,0.1334932646266631,0.0338032626286197
miRNA_bulged_AND5_21_context1,hsa-miR-96-5p,hsa-miR-196a-5p,hsa-miR-205-5p,hsa-miR-193b-3p,hsa-miR-329-3p,AAAAATGTGGCTGTGCCAAA,CAACAACATCTTACTACCTA,GACTCCGGTCCTATGAAGGA,CGGGACTTTCTCGGCCAGTA,AGAGGTTAAGGTGGTGTGTA,TTTAAAAATGTGGCTGTGCCAAATTCAACAACATCTTACTACCTACGACTCCGGTCCTATGAAGGATCGGGACTTTCTCGGCCAGTATAGAGGTTAAGGTGGTGTGTATT,0.0337894493191782,0.0179853621534416,0.1780784276567556,0.0180676460471059,-0.1011514655287632,0.0183957503662513,0.1133546261191739,0.0182544536749456,0.0251748264665581,0.0181159231971014,0.1340513628598489,0.0183794557898862
miRNA_bulged_AND5_22_context1,hsa-miR-218-5p,hsa-miR-494-3p,hsa-miR-122-5p,hsa-miR-100-5p,hsa-miR-31-5p,CATGGTTAGTAGAAGCACAA,GGTTTCCCGACAATGTTTCA,AACACCATTCAGACACTCCA,CAAGTTCGGTAGTACGGGTA,GCTATGCCACGTTCTTGCCA,TTTCATGGTTAGTAGAAGCACAATTGGTTTCCCGACAATGTTTCATAACACCATTCAGACACTCCATCAAGTTCGGTAGTACGGGTACGCTATGCCACGTTCTTGCCATT,-0.0578893343455041,0.0279863152351502,-0.412191837328019,0.0300897483936998,-0.1868950028705079,0.0285547954121136,-0.0908508534947425,0.0279166260446669,-0.0917929330949434,0.0281742891109553,-0.0652222066744324,0.0283449965005261
miRNA_bulged_AND5_23_context1,hsa-miR-125b-5p,hsa-miR-214-3p,hsa-miR-221-3p,hsa-miR-494-3p,hsa-miR-218-5p,ACAAGTTAGCCACTCAGGGA,TGCCTGTCTCACCCTGCTGA,ACCCAGCAGTGTATGTAGCA,GGTTTCCCGACAATGTTTCA,CATGGTTAGTAGAAGCACAA,TTTTACAAGTTAGCCACTCAGGGATTGCCTGTCTCACCCTGCTGATACCCAGCAGTGTATGTAGCACGGTTTCCCGACAATGTTTCACATGGTTAGTAGAAGCACAATTT,-0.3545567196565349,0.0231110151304865,0.0244476171870106,0.0225887468348243,-0.1784577495645861,0.022917307270749,-0.0450512001466089,0.0227797256882981,-0.0373534452863642,0.0225720615575301,-0.3252561081512243,0.0242986057044003
miRNA_bulged_AND5_24_context1,hsa-miR-221-3p,hsa-miR-494-3p,hsa-miR-194-5p,hsa-miR-125b-5p,hsa-miR-205-5p,ACCCAGCAGTGTATGTAGCA,GGTTTCCCGACAATGTTTCA,CACATGGAGAACCTGTTACA,ACAAGTTAGCCACTCAGGGA,GACTCCGGTCCTATGAAGGA,TTTTACCCAGCAGTGTATGTAGCACGGTTTCCCGACAATGTTTCATCACATGGAGAACCTGTTACATACAAGTTAGCCACTCAGGGACGACTCCGGTCCTATGAAGGATT,-0.4274414218122938,0.0359378326862809,-0.0587196385513016,0.0334922961220491,-0.5022036224372872,0.0376187792691597,-0.1584481402774653,0.0350978143180511,-0.452335321362741,0.0366077207456398,-0.2295494049937378,0.0368124772605703
miRNA_bulged_AND5_25_context1,hsa-miR-223-3p,hsa-miR-192-5p,hsa-miR-9-5p,hsa-miR-218-5p,hsa-miR-200c-3p,GGGTATTTGTGTAACTGACA,GCTGTCAATAGTTAGGTCAA,TACAGCTAGTATACCAAAGA,CATGGTTAGTAGAAGCACAA,ATCATTACCGCCCAGTATTA,TTTTGGGTATTTGTGTAACTGACACGCTGTCAATAGTTAGGTCAATTACAGCTAGTATACCAAAGACATGGTTAGTAGAAGCACAATTATCATTACCGCCCAGTATTATT,-0.137355475963774,0.0289091918275856,0.1594030146339783,0.0290959766810278,-0.1909317085619354,0.0292245231027615,-0.0460634422905826,0.0290756229203374,-0.0648430699452211,0.0288695006317049,0.0049018606474041,0.0291712109101496
miRNA_bulged_AND5_26_context1,hsa-miR-21-3p,hsa-miR-200c-3p,hsa-miR-218-5p,hsa-miR-146a-5p,hsa-miR-126-3p,CAGCCCATCCTGTGGTGTTA,ATCATTACCGCCCAGTATTA,CATGGTTAGTAGAAGCACAA,CCCATGGAAAAGAGTTCTCA,CATTATTACAGTCGGTACGA,TTTTCAGCCCATCCTGTGGTGTTATATCATTACCGCCCAGTATTACATGGTTAGTAGAAGCACAATTCCCATGGAAAAGAGTTCTCATCATTATTACAGTCGGTACGATT,-0.1081998833675926,0.0343078578724665,0.0234990154295317,0.0342521491529723,-0.4077616275397494,0.0370138598216275,-0.1275744030021119,0.0338598700049191,-0.1930947506539617,0.0347452014524135,-0.0278900576001934,0.0345162632328123
miRNA_bulged_AND5_27_context1,hsa-miR-200c-3p,hsa-miR-329-3p,hsa-miR-23a-3p,hsa-miR-205-5p,hsa-miR-122-5p,ATCATTACCGCCCAGTATTA,AGAGGTTAAGGTGGTGTGTA,GAAATCCCTCCGAATGTGAA,GACTCCGGTCCTATGAAGGA,AACACCATTCAGACACTCCA,TTTTATCATTACCGCCCAGTATTATAGAGGTTAAGGTGGTGTGTAGAAATCCCTCCGAATGTGAATTGACTCCGGTCCTATGAAGGATAACACCATTCAGACACTCCATT,0.0065455644136524,0.0278539479710352,-0.0057082951454754,0.0275804656351479,-0.2998267218862278,0.0290758871173504,0.0533703436646988,0.0285274006624567,-0.0968973811768357,0.0281260969206127,0.0351978753633155,0.0285600036930771
miRNA_bulged_AND5_28_context1,hsa-miR-122-5p,hsa-miR-23a-3p,hsa-miR-223-3p,hsa-miR-200c-3p,hsa-miR-34a-3p,AACACCATTCAGACACTCCA,GAAATCCCTCCGAATGTGAA,GGGTATTTGTGTAACTGACA,ATCATTACCGCCCAGTATTA,GGCAGTATAGAAGCTGATTA,TTTTAACACCATTCAGACACTCCAGAAATCCCTCCGAATGTGAATTGGGTATTTGTGTAACTGACATATCATTACCGCCCAGTATTACGGCAGTATAGAAGCTGATTATT,-0.0142516028670106,0.025663525998739,-0.1787108614487392,0.0267872260622274,-0.4101657269207418,0.0273310640217182,-0.0970242561724636,0.0254946535005861,-0.092069029632284,0.0258659769193943,-0.0557780910000954,0.0259909127207736
miRNA_bulged_AND5_29_context1,hsa-miR-34a-3p,hsa-miR-23a-3p,hsa-miR-122-5p,hsa-miR-200c-3p,hsa-miR-146a-5p,GGCAGTATAGAAGCTGATTA,GAAATCCCTCCGAATGTGAA,AACACCATTCAGACACTCCA,ATCATTACCGCCCAGTATTA,CCCATGGAAAAGAGTTCTCA,TTTTGGCAGTATAGAAGCTGATTAGAAATCCCTCCGAATGTGAATTAACACCATTCAGACACTCCATATCATTACCGCCCAGTATTATCCCATGGAAAAGAGTTCTCATT,-0.0410246172274119,0.0272441148104719,-0.2969765076048108,0.0286884659695146,-0.416067830992159,0.0291687535715272,-0.1031477816305088,0.0268849133616514,-0.5484138165711808,0.0297341632571578,-0.0835888431965214,0.0276265730755238
miRNA_bulged_AND5_30_context1,hsa-miR-193b-3p,hsa-miR-130a-3p,hsa-miR-199a-5p,hsa-miR-22-3p,hsa-miR-148a-3p,CGGGACTTTCTCGGCCAGTA,GCCCTTTTATATTTGCACTA,CAGGTAGTCACTACACTGGA,AGTTCTTCATAAGGCAGCTA,AAAGTTCTGATCTGCACTGA,TTTTCGGGACTTTCTCGGCCAGTACGCCCTTTTATATTTGCACTATCAGGTAGTCACTACACTGGATAGTTCTTCATAAGGCAGCTACAAAGTTCTGATCTGCACTGATT,-0.3347098623779853,0.0492922485970429,-0.4348910227211744,0.0518815153009806,-0.4301742477128162,0.0521587213486678,-0.3882727960556681,0.0518882684457095,-0.5648412092050002,0.0532166481898245,-0.4666635449039493,0.053518892667948
miRNA_bulged_AND5_31_context1,hsa-miR-329-3p,hsa-miR-224-5p,hsa-miR-34a-5p,hsa-miR-200c-3p,hsa-miR-9-5p,AGAGGTTAAGGTGGTGTGTA,CGGAACCACATCTGACTTGA,AACCAGCTATCTCACTGCCA,ATCATTACCGCCCAGTATTA,TACAGCTAGTATACCAAAGA,TTTTAGAGGTTAAGGTGGTGTGTATCGGAACCACATCTGACTTGATAACCAGCTATCTCACTGCCATATCATTACCGCCCAGTATTATTACAGCTAGTATACCAAAGATT,-0.3109098745970026,0.0277193044155393,0.0320784819396262,0.0273361832339414,-0.4198114545347365,0.0289990065087234,-0.0646579096774577,0.0274996739207868,-0.4459855274723215,0.0287590353087916,-0.1550530449098821,0.0280695585284934
miRNA_bulged_AND5_32_context1,hsa-miR-24-3p,hsa-miR-34a-5p,hsa-miR-141-3p,hsa-miR-27a-3p,hsa-miR-34a-3p,GTTCCTGCTCTTCTGAGCCA,AACCAGCTATCTCACTGCCA,ATCTTTACCTCTCAGTGTTA,CGGAACTTACGGACTGTGAA,GGCAGTATAGAAGCTGATTA,TTTTGTTCCTGCTCTTCTGAGCCATAACCAGCTATCTCACTGCCATATCTTTACCTCTCAGTGTTATCGGAACTTACGGACTGTGAACGGCAGTATAGAAGCTGATTATT,-0.5065922108804619,0.0472595585847878,-0.3779767705104443,0.0477340326687702,-0.8590247800937331,0.0522465389648802,-0.2082424450981861,0.0464329091847579,-0.5255718025028201,0.04857775915748,-0.6231759632252823,0.0516439305699113
miRNA_bulged_AND5_33_context1,hsa-miR-10a-5p,hsa-miR-378a-3p,hsa-miR-122-5p,hsa-miR-192-5p,hsa-miR-34a-3p,AAATTCGGAAGAACAGGGTA,CTTCTGACTGGTAGTCCAGA,AACACCATTCAGACACTCCA,GCTGTCAATAGTTAGGTCAA,GGCAGTATAGAAGCTGATTA,TTTTAAATTCGGAAGAACAGGGTATCTTCTGACTGGTAGTCCAGATAACACCATTCAGACACTCCACGCTGTCAATAGTTAGGTCAACGGCAGTATAGAAGCTGATTATT,-0.2054194664928056,0.0226203520634822,0.0963965711158622,0.0226427959826864,-0.1359943290786692,0.0227213195036952,-0.0333668187029004,0.0226706475693084,0.0016667480350155,0.0223549684850792,0.0515884655327786,0.022873138647605
miRNA_bulged_AND5_34_context1,hsa-miR-203a-3p,hsa-miR-9-5p,hsa-miR-329-3p,hsa-miR-126-3p,hsa-miR-223-3p,AGTGGTCCTTTTCATTTCAA,TACAGCTAGTATACCAAAGA,AGAGGTTAAGGTGGTGTGTA,CATTATTACAGTCGGTACGA,GGGTATTTGTGTAACTGACA,TTTTAGTGGTCCTTTTCATTTCAATTACAGCTAGTATACCAAAGATAGAGGTTAAGGTGGTGTGTATCATTATTACAGTCGGTACGACGGGTATTTGTGTAACTGACATT,0.0557686176682363,0.0295295241330332,0.1841042224513601,0.0298279930702067,-0.3599849923090146,0.0304558600404698,0.0222337084129312,0.0300084755288722,0.0810200091814258,0.0296153048800475,0.1038915227041187,0.0301145578033837
miRNA_bulged_AND5_35_context1,hsa-miR-130a-3p,hsa-miR-22-3p,hsa-miR-329-3p,hsa-miR-193b-3p,hsa-miR-141-3p,GCCCTTTTATATTTGCACTA,AGTTCTTCATAAGGCAGCTA,AGAGGTTAAGGTGGTGTGTA,CGGGACTTTCTCGGCCAGTA,ATCTTTACCTCTCAGTGTTA,TTTTGCCCTTTTATATTTGCACTATAGTTCTTCATAAGGCAGCTATAGAGGTTAAGGTGGTGTGTATCGGGACTTTCTCGGCCAGTATATCTTTACCTCTCAGTGTTATT,-0.2756910580029372,0.0292878754492735,-0.4053545466501995,0.030561627536361,-0.541485537472373,0.0315673411809272,-0.2211193494854918,0.0299338128436965,-0.5797434207328864,0.0313974383609102,-0.1754696697932748,0.0299426105758261
miRNA_bulged_AND5_36_context1,hsa-miR-17-3p,hsa-miR-122-5p,hsa-let-7a-5p,hsa-miR-378a-3p,hsa-miR-21-5p,ACAAGTGCCAAGACTGCAGA,AACACCATTCAGACACTCCA,CTATACAACGATCTACCTCA,CTTCTGACTGGTAGTCCAGA,AACATCAGTGACATAAGCTA,TTTTACAAGTGCCAAGACTGCAGATAACACCATTCAGACACTCCATCTATACAACGATCTACCTCATCTTCTGACTGGTAGTCCAGATAACATCAGTGACATAAGCTATT,-0.1645913004784792,0.075658610840613,-0.6848841592554102,0.0919788951354762,-0.5842409971797831,0.0943189087713453,-0.3310576434613957,0.0846294925980845,-0.2973223976277767,0.0767840785034655,-0.5212854038033312,0.0918126781044032
miRNA_bulged_AND5_37_context1,hsa-miR-100-5p,hsa-miR-34a-3p,hsa-miR-17-3p,hsa-miR-342-3p,hsa-miR-10a-5p,CAAGTTCGGTAGTACGGGTA,GGCAGTATAGAAGCTGATTA,ACAAGTGCCAAGACTGCAGA,GGTGCGATTAGAGTGTGAGA,AAATTCGGAAGAACAGGGTA,TTTTCAAGTTCGGTAGTACGGGTACGGCAGTATAGAAGCTGATTATACAAGTGCCAAGACTGCAGACGGTGCGATTAGAGTGTGAGATAAATTCGGAAGAACAGGGTATT,-0.5444500742466929,0.0275129894409681,-0.0415343183086978,0.0255866721927485,-0.2371578189355145,0.0267156937393852,-0.1855068802089588,0.0267863391077024,-0.1437532051607118,0.0263814500471416,-0.1872236893680496,0.0272264532939676
miRNA_bulged_AND5_38_context1,hsa-miR-329-3p,hsa-miR-27a-3p,hsa-miR-137-3p,hsa-miR-192-5p,hsa-miR-7-5p,AGAGGTTAAGGTGGTGTGTA,CGGAACTTACGGACTGTGAA,CGCGTATTCAATAGCAATAA,GCTGTCAATAGTTAGGTCAA,ACAAAATCAGCTGTCTTCCA,TTTTAGAGGTTAAGGTGGTGTGTATCGGAACTTACGGACTGTGAATCGCGTATTCAATAGCAATAACGCTGTCAATAGTTAGGTCAATACAAAATCAGCTGTCTTCCATT,-0.2142904710477499,0.0334710288845535,-0.0212494240070451,0.0321487118859326,-0.333851490009385,0.0346551502206282,-0.0807740319821448,0.0329166753815126,-0.230912102265211,0.0336834935253479,-0.1702551473700614,0.0344154740143062
miRNA_bulged_AND5_39_context1,hsa-miR-9-5p,hsa-miR-17-3p,hsa-miR-214-3p,hsa-miR-200c-3p,hsa-miR-130a-3p,TACAGCTAGTATACCAAAGA,ACAAGTGCCAAGACTGCAGA,TGCCTGTCTCACCCTGCTGA,ATCATTACCGCCCAGTATTA,GCCCTTTTATATTTGCACTA,TTTTTACAGCTAGTATACCAAAGATACAAGTGCCAAGACTGCAGATTGCCTGTCTCACCCTGCTGATATCATTACCGCCCAGTATTACGCCCTTTTATATTTGCACTATT,-0.30076738239945,0.0306212641224484,0.0335438839094018,0.0304987791332154,-0.3068131304735985,0.0309343131351072,-0.321993555384672,0.0316010575719882,-0.1327499138587418,0.0303633387503563,-0.1459136829401708,0.0306082733511977
miRNA_bulged_AND5_40_context1,hsa-miR-192-5p,hsa-miR-378a-3p,hsa-miR-9-5p,hsa-miR-27a-3p,hsa-let-7a-5p,GCTGTCAATAGTTAGGTCAA,CTTCTGACTGGTAGTCCAGA,TACAGCTAGTATACCAAAGA,CGGAACTTACGGACTGTGAA,CTATACAACGATCTACCTCA,TTTTGCTGTCAATAGTTAGGTCAATCTTCTGACTGGTAGTCCAGATTACAGCTAGTATACCAAAGATCGGAACTTACGGACTGTGAATCTATACAACGATCTACCTCATT,-0.3501077005354985,0.0293441639289485,-0.5468528672701882,0.0311547543044904,-0.6714453816002962,0.0321647632003169,-0.134210579066757,0.02861134416278,-0.2783326519406799,0.029309231336724,-0.683913029414351,0.0337713059581869
